Date,Price,Open,High,Low,Vol.,Return
1/12/2024,538.7578,535.7093,546.7249,529.7613,,0.0057
1/11/2024,535.7093,534.2032,549.8744,525.419,,0.0028
1/10/2024,534.2031,532.8835,567.829,525.3831,,0.0025
1/9/2024,532.8835,536.7498,544.344,502.4482,,-0.0072
1/8/2024,536.7498,551.4392,555.8704,521.813,,-0.0266
1/7/2024,551.4392,578.3854,592.2092,537.7592,,-0.0466
1/6/2024,578.3853,573.2755,585.8961,555.777,,0.0089
1/5/2024,573.2754,586.1664,595.5449,570.0653,,-0.022
1/4/2024,586.1663,582.4786,606.8108,579.7365,,0.0063
1/3/2024,582.4785,557.9317,583.762,555.6782,,0.044
1/2/2024,557.9317,555.0681,562.291,536.0598,,0.0052
1/1/2024,555.0681,535.6413,566.1497,525.7714,,0.0363
1/12/2023,535.6413,555.7702,558.6791,516.4174,,-0.0362
1/11/2023,555.7702,576.9723,588.9501,545.3878,,-0.0367
1/10/2023,576.9723,609.6176,613.3291,570.4147,,-0.0536
1/9/2023,609.6686,591.4241,623.5565,591.1649,,0.0308
1/8/2023,591.4241,593.3337,600.3182,571.3829,,-0.0033
1/7/2023,593.4022,540.4607,593.7573,536.3137,,0.098
1/6/2023,540.4607,528.2247,560.1093,525.1689,,0.0232
1/5/2023,528.2247,564.9675,564.9675,521.6278,,-0.065
1/4/2023,564.9676,574.0241,599.2268,552.037,,-0.0158
1/3/2023,574.0241,581.8661,597.4176,529.7278,,-0.0135
1/2/2023,581.8661,606.0573,608.8233,564.5502,,-0.0399
1/1/2023,606.0573,610.105,622.1381,569.2053,,-0.0066
1/12/2022,610.0719,621.1091,632.3582,568.9138,,-0.0178
1/11/2022,621.1091,636.8439,671.0861,591.066,,-0.0247
1/10/2022,636.8439,607.7575,671.4729,607.7575,,0.0479
1/9/2022,607.7575,665.9277,665.9277,591.8181,,-0.0874
1/8/2022,665.9277,692.6372,703.1581,637.4427,,-0.0386
1/7/2022,692.6372,709.2296,730.5977,632.85,,-0.0234
1/6/2022,709.2296,786.4548,825.3839,709.2171,,-0.0982
1/5/2022,786.4548,756.7522,813.3317,717.8473,,0.0393
1/4/2022,756.7522,724.1862,784.1002,700.2496,,0.045
1/3/2022,724.1862,673.0486,853.2746,673.0486,,0.076
1/2/2022,673.0487,623.7843,700.0093,618.9357,,0.079
1/1/2022,623.7843,561.1805,628.366,558.4681,,0.1116
1/12/2021,561.1805,522.4442,572.8892,509.0838,,0.0741
1/11/2021,522.4443,588.2094,594.8341,516.3716,,-0.1118
1/10/2021,588.2094,557.7056,599.8605,555.0723,,0.0547
1/9/2021,557.7057,527.3676,565.1663,520.7402,,0.0575
1/8/2021,527.3677,541.1289,541.2612,493.9939,,-0.0254
1/7/2021,541.129,535.9755,549.5075,504.0913,,0.0096
1/6/2021,535.9755,519.2278,538.1569,512.2907,,0.0323
1/5/2021,519.2278,505.8542,530.4951,499.3808,,0.0264
1/4/2021,505.8542,467.4139,512.0073,460.9255,,0.0822
1/3/2021,467.414,476.9869,500.9041,458.3189,,-0.0201
1/2/2021,476.9869,430.9946,493.1006,430.9946,,0.1067
1/1/2021,430.9947,409.7466,438.6077,406.5078,,0.0526
1/12/2020,409.458,385.594,409.7254,380.7271,,0.0619
1/11/2020,385.594,340.7798,389.4634,333.1107,,0.1315
1/10/2020,340.7799,350.178,365.4283,334.4192,,-0.0268
1/9/2020,350.178,358.2108,362.6131,332.6869,,-0.0224
1/8/2020,358.2109,339.8209,363.1297,337.3671,,0.0541
1/7/2020,339.821,325.483,346.3181,324.685,,0.0441
1/6/2020,325.483,307.0756,333.8396,302.5725,,0.0599
1/5/2020,307.0756,257.0446,308.0562,251.775,,0.1946
1/4/2020,257.0446,255.5416,292.788,217.9503,,0.0059
1/3/2020,255.5416,358.4439,378.2757,249.4273,,-0.2871
1/2/2020,358.4439,388.8018,406.6089,354.0859,,-0.0781
1/1/2020,388.8018,436.7599,453.163,386.8643,,-0.1087
1/12/2019,436.2189,409.1913,443.3378,408.6323,,0.0661
1/11/2019,409.1913,407.5104,423.6549,407.0099,,0.0041
1/10/2019,407.5104,403.6126,417.5896,370.1275,,0.0097
1/9/2019,403.6126,397.0581,437.3462,388.4869,,0.0165
1/8/2019,397.0581,422.4391,422.4391,385.8164,,-0.0601
1/7/2019,422.4391,425.3581,436.7712,410.5644,,-0.0069
1/6/2019,425.3581,407.7638,432.7702,394.8968,,0.0431
1/5/2019,407.7638,446.4518,447.7199,407.0135,,-0.0867
1/4/2019,446.4518,434.1253,458.6667,434.1253,,0.0284
1/3/2019,434.1253,426.3466,440.6232,415.1518,,0.0182
1/2/2019,426.3466,407.8907,431.5452,402.8001,,0.0452
1/1/2019,407.8907,374.3282,415.1157,369.5535,,0.0897
1/12/2018,374.3282,406.5198,422.8652,365.9394,,-0.0792
1/11/2018,406.5197,456.3168,457.8904,400.0247,,-0.1091
1/10/2018,456.3168,486.2795,504.3294,455.3227,,-0.0616
1/9/2018,486.2794,468.6881,488.3528,456.6156,,0.0375
1/8/2018,468.6881,464.8324,471.2727,443.3211,,0.0083
1/7/2018,464.8324,487.4373,487.4373,448.2172,,-0.0464
1/6/2018,487.4372,481.4273,488.372,457.4799,,0.0125
1/5/2018,481.4273,475.7616,497.9823,469.2034,,0.0119
1/4/2018,475.7616,452.9353,479.7343,439.3048,,0.0504
1/3/2018,452.9353,443.3807,457.7705,436.6278,,0.0215
1/2/2018,443.3807,456.533,462.2236,424.5855,,-0.0288
1/1/2018,456.533,442.4357,465.8296,441.5399,,0.0319
1/12/2017,442.4357,424.2574,443.2997,413.7987,,0.0428
1/11/2017,424.2574,415.1419,432.0907,413.1466,,0.022
1/10/2017,415.1419,399.3082,416.1082,390.3713,,0.0397
1/9/2017,399.3082,386.0041,406.126,382.9666,,0.0345
1/8/2017,386.0041,388.0653,390.8692,371.8896,,-0.0053
1/7/2017,388.0653,372.3775,388.445,363.4533,,0.0421
1/6/2017,372.3775,377.8538,380.9227,351.0973,,-0.0145
1/5/2017,377.8538,382.7658,394.9437,361.2262,,-0.0128
1/4/2017,382.7658,388.2245,403.0416,377.162,,-0.0141
1/3/2017,388.2245,402.2199,405.3113,373.873,,-0.0348
1/2/2017,402.2199,395.8302,409.1227,393.9101,,0.0161
1/1/2017,395.8302,398.1954,405.618,388.8276,,-0.006
1/12/2016,398.2039,377.2212,401.9152,376.2132,,0.0556
1/11/2016,377.2212,361.623,379.3302,346.2047,,0.0431
1/10/2016,361.623,364.4711,381.102,361.086,,-0.0078
1/9/2016,364.4711,348.2078,365.8137,341.2348,,0.0467
1/8/2016,348.2078,339.3952,372.0104,329.4018,,0.026
1/7/2016,339.3952,374.0323,376.9073,333.2505,,-0.0926
1/6/2016,374.0323,370.9456,392.2399,362.4692,,0.0083
1/5/2016,370.9456,360.407,374.9962,342.2777,,0.0292
1/4/2016,360.407,323.3931,363.4704,309.0974,,0.1144
1/3/2016,323.4185,303.6298,340.792,300.868,,0.0652
1/2/2016,303.6298,300.668,307.9799,280.2403,,0.0099
1/1/2016,300.6679,313.0684,317.5166,268.4058,,-0.0352
1/12/2015,311.6524,336.1496,339.1603,303.5347,,-0.0729
1/11/2015,336.1496,363.4441,370.3356,331.4841,,-0.0751
1/10/2015,363.4441,359.915,386.118,349.7723,,0.0114
1/9/2015,359.3369,380.848,380.848,354.1561,,-0.0565
1/8/2015,380.848,378.3843,381.1822,334.322,,0.0065
1/7/2015,378.3843,440.6926,440.6926,377.064,,-0.1414
1/6/2015,440.6926,439.0936,450.373,424.0622,,0.0036
1/5/2015,439.0937,445.5848,458.6795,424.082,,-0.0146
1/4/2015,445.5848,396.6491,446.003,395.3987,,0.1234
1/3/2015,396.6492,421.2419,421.3834,383.1626,,-0.0584
1/2/2015,421.2419,389.6819,428.5861,384.5017,,0.081
1/1/2015,389.6819,418.1225,421.5643,372.1627,,-0.068
1/12/2014,418.1225,479.1313,494.2051,415.0947,,-0.1327
1/11/2014,482.1124,539.5063,542.4941,481.0687,,-0.1065
1/10/2014,539.5923,574.678,580.5638,526.9879,,-0.0604
1/9/2014,574.2939,610.3964,610.3964,573.221,,-0.0599
1/8/2014,610.9172,621.3291,623.2529,597.9967,,-0.0173
1/7/2014,621.7026,658.6699,659.9107,620.8398,,-0.056
1/6/2014,658.5723,649.2202,672.5403,643.2384,,0.0138
1/5/2014,649.6324,652.305,660.735,646.4343,,-0.0044
1/4/2014,652.5111,648.6354,663.461,634.5349,,0.0056
1/3/2014,648.857,650.2828,663.4803,636.4564,,-0.0012
1/2/2014,649.6444,621.8761,654.7819,617.6379,,0.044
1/1/2014,622.2558,632.75,635.02,603.56,,-0.0159
1/12/2013,632.2858,620.74,642.59,618.4,,0.0196
1/11/2013,620.117,622.54,626.75,604.63,,-0.0039
1/10/2013,622.5243,632.44,644.09,620.01,,-0.0156
1/9/2013,632.3998,657.44,664.81,628.27,,-0.0375
1/8/2013,657.0511,638.99,675.44,623.15,,0.0288
1/7/2013,638.6382,611.23,654.16,609.29,,0.0447
1/6/2013,611.2961,615.72,637.4,604.57,,-0.0068
1/5/2013,615.4581,621.11,636.32,608.08,,-0.0144
1/4/2013,624.435,652.96,655.95,596.36,,-0.0467
1/3/2013,655.0464,647.06,659.21,637.89,,0.0105
1/2/2013,648.2096,675.94,681.7,646.45,,-0.0402
1/1/2013,675.3659,649.27,677.12,642.36,,0.0445
1/12/2012,646.5846,652.12,657.11,629.74,,-0.0053
1/11/2012,650.0503,637.25,652.36,622.45,,0.0193
1/10/2012,637.7365,663.78,674.77,633.07,,-0.042
1/9/2012,665.7263,680.93,699.13,646.7,,-0.0138
1/8/2012,675.0332,634.66,682.35,628.65,,0.0617
1/7/2012,635.8224,596.57,654.91,590.42,,0.0607
1/6/2012,599.4434,595.27,602.24,555.56,,0.0054
1/5/2012,596.2044,684.22,689.04,594.48,,-0.1295
1/4/2012,684.8785,691.25,702.09,667.98,,-0.0056
1/3/2012,688.7121,703.42,717.45,680.87,,-0.021
1/2/2012,703.4976,662.2,715.77,653.67,,0.0648
1/1/2012,660.6774,650.78,673.52,647.66,,0.0244
1/12/2011,644.9144,658.86,666.42,613.38,,-0.0199
1/11/2011,658.0235,647.09,674.1,627.96,,0.0155
1/10/2011,647.9552,587.59,659.86,572.92,,0.0964
1/9/2011,590.9992,675.5,676.61,583.68,,-0.124
1/8/2011,674.6877,693.3,700.14,614.5795,,-0.0166
1/7/2011,686.0772,663.78,704.7,656.49,,0.0258
1/6/2011,668.8452,708.91,712.23,635.27,,-0.0543
1/5/2011,707.2557,755.84,761.66,658.93,,-0.0679
1/4/2011,758.7948,727.75,762.22,724.27,,0.0457
1/3/2011,725.6232,691.63,731.72,668.47,,0.0503
1/2/2011,690.8462,654.39,709.16,639.98,,0.0543
1/1/2011,655.2648,635.11,657.62,611.81,,0.0371
1/12/2010,631.8311,577.05,633.77,575.42,,0.0972
1/11/2010,575.8382,567.357,610.17,543.93,,0.0207
1/10/2010,564.1603,547.388,577.949,544.909,,0.0331
1/9/2010,546.0645,500.075,547.009,499.223,,0.094
1/8/2010,499.1622,528.865,546.792,489.689,,-0.0489
1/7/2010,524.8087,489.399,524.809,478.843,,0.0598
1/6/2010,495.1775,482.49,520.244,469.847,,0.0143
1/5/2010,488.1933,549.29,555.729,458.563,,-0.1123
1/4/2010,549.9413,534.764,555.196,531.304,,0.0373
1/3/2010,530.1587,522.134,532.85,510.154,,0.0245
1/2/2010,517.4835,486.6,524.593,468.435,,0.0645
1/1/2010,486.145,533.5309,550.379,484.104,,-0.0733
1/12/2009,524.6207,515.659,529.46,484.527,,0.0235
1/11/2009,512.5737,500.328,526.431,490.229,,0.0317
1/10/2009,496.8077,460.63,528.43,447.711,,0.0736
1/9/2009,462.7484,456.418,476.551,435.427,,0.0197
1/8/2009,453.787,463.86,481.217,445.22,,-0.0079
1/7/2009,457.407,454.705,460.67,398.367,,0.016
1/6/2009,450.2168,450.81,480.194,425.534,,0.0162
1/5/2009,443.0531,364.559,444.498,363.567,,0.211
1/4/2009,365.8484,353.209,382.777,347.238,,0.0204
1/3/2009,358.5256,329.686,383.579,312.574,,0.0663
1/2/2009,336.24,332.954,353.958,305.585,,0.0001
1/1/2009,336.2046,338.354,383.844,325.873,,-0.0368
1/12/2008,349.038,382.189,382.342,307.84,,-0.1065
1/11/2008,390.6464,447.664,475.112,362.947,,-0.1309
1/10/2008,449.461,622.237,634.352,413.373,,-0.2777
1/9/2008,622.2371,663.994,681.636,588.48,,-0.1213
1/8/2008,708.1559,754.2859,779.186,689.235,,-0.0685
1/7/2008,760.1992,869.7079,893.8589,744.009,,-0.1189
1/6/2008,862.809,781.79,882.813,764.877,,0.0969
1/5/2008,786.5829,725.3199,828.322,701.105,,0.0909
1/4/2008,721.067,661.588,750.621,655.696,,0.078
1/3/2008,668.913,681.082,722.649,649.321,,-0.016
1/2/2008,679.778,606.804,686.3979,590.568,,0.1174
1/1/2008,608.378,614.046,635.6379,575.832,,-0.0029
1/12/2007,610.1689,576.196,618.9709,565.299,,0.0557
1/11/2007,577.987,603.4,623.6299,577.046,,-0.0356
1/10/2007,599.31,547.972,600.314,526.356,,0.0974
1/9/2007,546.133,496.887,555.067,492.895,,0.1026
1/8/2007,495.3045,514.5959,517.7079,472.4,,-0.04
1/7/2007,515.941,490.161,517.2629,485.075,,0.0548
1/6/2007,489.152,467.586,499.109,465.377,,0.0393
1/5/2007,470.648,470.9727,484.042,454.84,,-0.008
1/4/2007,474.4641,467.1642,477.8383,459.3198,,0.0136
1/3/2007,468.115,448.5116,468.1502,436.4039,,0.0438
1/2/2007,448.4914,422.5295,450.9571,422.5295,,0.0498
1/1/2007,427.2178,432.1335,432.1335,392.6523,,-0.0148
1/12/2006,433.6465,462.4187,462.4187,431.0525,,-0.0647
1/11/2006,463.6554,429.5622,463.6554,428.2353,,0.0802
1/10/2006,429.2243,420.1734,447.0071,409.6788,,0.0027
1/9/2006,428.0533,459.0111,459.0111,418.0165,,-0.0812
1/8/2006,465.868,498.4193,506.7766,464.2655,,-0.065
1/7/2006,498.2476,485.43,509.6343,482.014,,0.028
1/6/2006,484.6753,471.2759,484.6753,459.9281,,0.0213
1/5/2006,474.5546,484.0205,500.5345,464.9891,,-0.0005
1/4/2006,474.7863,445.1778,496.1841,441.249,,0.0729
1/3/2006,442.519,418.3736,447.3778,410.963,,0.0641
1/2/2006,415.8627,445.3492,445.3492,405.4679,,-0.0838
1/1/2006,453.9183,438.1793,456.6674,432.1028,,0.0514
1/12/2005,431.7214,425.4086,457.5468,417.0102,,0.038
1/11/2005,415.9086,421.0456,427.8506,407.7445,,-0.0165
1/10/2005,422.8764,466.9965,466.9965,422.8764,,-0.0994
1/9/2005,469.5595,475.2529,475.2529,435.3258,,0.0095
1/8/2005,465.1507,408.7134,467.568,406.9561,,0.1571
1/7/2005,401.999,390.7274,408.2864,383.4584,,0.0585
1/6/2005,379.7879,368.9709,399.0615,366.1164,,0.0702
1/5/2005,354.8881,357.1423,361.462,341.0289,,0.0034
1/4/2005,353.6854,391.5963,391.5963,353.6854,,-0.078
1/3/2005,383.6221,355.0824,385.2551,355.0824,,0.078
1/2/2005,355.8531,326.8229,355.8531,315.6633,,0.0735
1/1/2005,331.4828,304.1925,338.1748,304.1925,,0.0677
1/12/2004,310.4673,326.5933,332.5043,303.2428,,-0.0935
1/11/2004,342.5017,346.9508,350.247,330.5201,,-0.0359
1/10/2004,355.2492,339.3015,373.2011,337.2008,,0.0519
1/9/2004,337.7328,303.7866,337.7328,296.3365,,0.1426
1/8/2004,295.5954,305.96,322.0625,295.5954,,-0.0386
1/7/2004,307.4776,294.2479,307.4776,293.2093,,0.0738
1/6/2004,286.3553,315.6003,315.6003,280.3381,,-0.05
1/5/2004,301.4126,294.9385,310.8826,294.9385,,0.0411
1/4/2004,289.5122,276.7797,290.1607,275.0795,,0.0262
1/3/2004,282.1227,282.9823,286.8468,272.1516,,0.0124
1/2/2004,278.6556,266.5418,278.6556,256.6276,,0.0714
1/1/2004,260.088,261.6553,276.3313,259.6715,,-0.0017
1/12/2003,260.5434,246.9491,271.6895,246.9491,,0.06
1/11/2003,245.8032,235.6278,256.218,234.9616,,0.0307
1/10/2003,238.4895,233.2744,252.9424,233.2744,,0.0252
1/9/2003,232.6344,232.1754,234.7582,221.3021,,-0.0405
1/8/2003,242.459,241.8148,245.9133,237.8994,,0.0399
1/7/2003,233.1563,233.8183,237.8759,227.5195,,-0.0002
1/6/2003,233.2028,240.6407,242.8608,227.7912,,-0.0087
1/5/2003,235.2415,215.918,235.2415,213.9411,,0.0909
1/4/2003,215.6376,227.3601,230.177,212.5866,,-0.0716
1/3/2003,232.2788,271.094,276.1538,218.5813,,-0.1662
1/2/2003,278.572,251.4533,278.572,251.4533,,0.0991
1/1/2003,253.4514,240.8537,254.148,235.7204,,0.0778
1/12/2002,235.1541,220.1022,243.7579,216.602,,0.0811
1/11/2002,217.5085,217.1124,218.4081,204.5763,,0.0004
1/10/2002,217.423,229.1161,229.1161,215.4259,,-0.0444
1/9/2002,227.5257,209.6962,228.5812,209.6962,,0.0571
1/8/2002,215.2304,200.287,217.1401,199.1665,,0.0581
1/7/2002,203.4048,203.8104,207.3289,198.9574,,0.0031
1/6/2002,202.7765,193.9817,202.7765,190.001,,0.0437
1/5/2002,194.2879,201.4025,210.3676,191.3539,,-0.0487
1/4/2002,204.2329,204.5998,210.0896,186.5684,,0.0149
1/3/2002,201.2279,180.3043,201.2279,180.3043,,0.1399
1/2/2002,176.5311,170.2396,176.7066,166.9939,,0.0633
1/1/2002,166.0257,173.2103,175.5065,163.622,,-0.0185
1/12/2001,169.1572,171.1926,174.7635,163.4038,,-0.0025
1/11/2001,169.575,172.0513,179.5397,161.9622,,-0.0331
1/10/2001,175.3805,180.5032,184.119,174.0097,,-0.0349
1/9/2001,181.7182,201.4165,214.2537,176.4508,,-0.1048
1/8/2001,203.0028,201.5153,206.9833,200.2939,,0.0064
1/7/2001,201.72,201.1673,208.9452,196.4458,,-0.0047
1/6/2001,202.6644,216.8409,223.1542,200.4938,,-0.0687
1/5/2001,217.6236,225.9424,227.595,217.6236,,-0.0295
1/4/2001,224.2305,210.8111,230.5235,210.8111,,0.054
1/3/2001,212.7381,222.8057,229.3934,212.7381,,-0.0417
1/2/2001,221.9866,235.2427,242.9454,221.9866,,-0.022
1/1/2001,226.9736,239.3006,246.4047,226.9736,,-0.0808
1/12/2000,246.9237,249.9348,254.3747,234.4839,,-0.0369
1/11/2000,256.384,239.3945,262.9087,237.7022,,0.0831
1/10/2000,236.7139,243.5356,261.2689,236.7072,,-0.0032
1/9/2000,237.4833,245.3099,255.9134,235.0279,,-0.0283
1/8/2000,244.3988,215.3192,244.714,215.3192,,0.1457
1/7/2000,213.3268,235.4018,235.4018,213.3268,,-0.095
1/6/2000,235.7137,226.1956,237.8327,223.9036,,0.0561
1/5/2000,223.2031,205.456,229.0205,205.456,,0.0984
1/4/2000,203.2085,204.6767,205.0087,193.1008,,-0.0178
1/3/2000,206.8815,222.5149,230.4045,203.9219,,-0.0423
1/2/2000,216.0089,209.3361,216.0089,205.6049,,0.0467
1/1/2000,206.365,194.2237,209.0047,188.5528,,0.0608
1/12/1999,194.5372,190.9778,197.7741,189.4886,,0.0257
1/11/1999,189.6623,183.5998,198.9199,182.7891,,0.0456
1/10/1999,181.3901,191.0734,191.0734,175.8071,,-0.0506
1/9/1999,191.063,181.2474,192.9837,178.245,,0.052
1/8/1999,181.6245,171.2025,181.6245,170.9188,,0.0736
1/7/1999,169.1718,162.6501,170.6022,161.5676,,0.0356
1/6/1999,163.362,149.9942,163.362,149.9942,,0.0732
1/5/1999,152.2197,161.634,162.4368,152.1697,,-0.0544
1/4/1999,160.9771,152.8592,160.9771,149.2558,,0.0457
1/3/1999,153.9354,131.1051,154.2953,131.1051,,0.1768
1/2/1999,130.8113,133.4895,133.9257,130.0031,,-0.033
1/1/1999,135.2692,134.7565,140.4372,132.1659,,0.0169
1/12/1998,133.019,133.1336,136.9559,128.8857,,-0.0035
1/11/1998,133.4806,148.2528,150.8457,133.4806,,-0.1011
1/10/1998,148.4851,150.7718,152.252,146.9205,,-0.0343
1/9/1998,153.7656,139.3525,153.7656,138.798,,0.1227
1/8/1998,136.9596,141.2222,144.1204,136.9596,,-0.0463
1/7/1998,143.6022,154.9575,154.9575,143.6022,,-0.0747
1/6/1998,155.1993,157.1086,158.8751,149.457,,-0.0194
1/5/1998,158.2691,166.516,166.516,156.4468,,-0.0343
1/4/1998,163.8963,165.4283,169.3189,163.6716,,-0.0169
1/3/1998,166.715,164.9506,170.9636,158.0785,,0.0098
1/2/1998,165.0984,174.0576,174.0576,163.4723,,-0.0526
1/1/1998,174.2636,173.2876,176.8663,167.2654,,-0.0077
1/12/1997,175.623,189.3757,189.3757,175.623,,-0.0692
1/11/1997,188.6889,205.6334,205.9964,188.6889,,-0.0935
1/10/1997,208.1534,201.4265,211.4592,201.4265,,0.0318
1/9/1997,201.7335,197.5146,203.8038,194.2411,,0.0305
1/8/1997,195.7684,194.523,197.9974,190.9203,,0.0181
1/7/1997,192.2873,185.5789,192.2873,181.1499,,0.0384
1/6/1997,185.1689,195.5138,195.5138,182.5341,,-0.0618
1/5/1997,197.3687,196.7891,202.9404,193.9964,,0.0031
1/4/1997,196.7678,191.36,196.7678,186.5516,,0.0225
1/3/1997,192.4289,188.8339,196.3189,188.8339,,0.0191
1/2/1997,188.8185,203.8218,205.3196,188.6945,,-0.0785
1/1/1997,204.9099,217.0707,228.8586,204.9099,,-0.0481
1/12/1996,215.2563,218.8679,228.4117,211.4646,,-0.017
1/11/1996,218.9817,203.7491,220.0094,202.2481,,0.0686
1/10/1996,204.9208,204.3093,213.4756,204.15,,-0.0014
1/9/1996,205.2159,201.111,206.1821,199.0708,,0.0338
1/8/1996,198.5151,198.7488,204.1453,196.5199,,0.0198
1/7/1996,194.652,207.5215,211.0129,192.5204,,-0.0575
1/6/1996,206.5216,203.5239,206.5216,199.4194,,0.013
1/5/1996,203.8712,209.9898,212.0257,203.8712,,-0.0261
1/4/1996,209.3274,209.2467,216.6828,207.7418,,0.0129
1/3/1996,206.664,195.4975,209.1285,193.6818,,0.0454
1/2/1996,197.696,194.9348,199.2238,189.5035,,0.0045
1/1/1996,196.8141,207.425,208.8923,183.8825,,-0.0328
1/12/1995,203.4971,189.6976,206.7909,189.6976,,0.0829
1/11/1995,187.9269,183.526,189.6052,183.526,,0.0263
1/10/1995,183.1156,182.8375,183.1156,178.2145,,0.0112
1/9/1995,181.0815,181.578,184.471,180.1449,,0.0031
1/8/1995,180.5308,175.5394,180.5308,174.6524,,0.018
1/7/1995,177.3371,174.2289,177.3371,171.8471,,0.0163
1/6/1995,174.4889,182.0874,183.3169,174.4889,,-0.0349
1/5/1995,180.8068,185.0587,185.7908,179.4222,,-0.0154
1/4/1995,183.6347,179.1509,184.3021,179.1509,,0.0256
1/3/1995,179.0597,176.2208,179.8988,174.3175,,0.011
1/2/1995,177.1083,176.145,178.4646,174.406,,0.0063
1/1/1995,176.0039,178.6776,179.247,173.9222,,-0.0263
1/12/1994,180.7578,174.1751,180.7578,170.8985,,0.0319
1/11/1994,175.1664,180.4971,180.7888,175.1664,,-0.0216
1/10/1994,179.036,171.2233,180.2436,169.9872,,0.0445
1/9/1994,171.4158,170.3351,173.2863,169.0443,,0.0068
1/8/1994,170.2628,183.9851,183.9851,168.5162,,-0.0672
1/7/1994,182.5207,180.5738,182.5207,175.6787,,0.0135
1/6/1994,180.0834,175.5542,184.3707,173.2981,,0.0188
1/5/1994,176.7601,174.2991,177.4535,172.5194,,0.0126
1/4/1994,174.5563,174.4247,176.5996,171.8223,,0.0245
1/3/1994,170.3859,171.1877,172.8422,167.6031,,-0.0049
1/2/1994,171.232,180.85,181.8524,170.1435,,-0.0345
1/1/1994,177.3524,164.5262,177.3524,164.5262,,0.0844
1/12/1993,163.5542,165.6624,166.8143,162.267,,-0.0092
1/11/1993,165.0651,173.0772,174.9963,165.0651,,-0.0371
1/10/1993,171.4164,177.3321,179.6971,171.4164,,-0.0335
1/9/1993,177.357,174.365,177.357,170.5652,,0.0086
1/8/1993,175.8414,174.8461,177.9123,173.1143,,0.0103
1/7/1993,174.0556,175.4504,177.4328,170.6977,,-0.0109
1/6/1993,175.9696,181.3573,181.3573,174.6645,,-0.029
1/5/1993,181.2161,188.0347,188.0347,181.2161,,-0.0344
1/4/1993,187.6663,190.5105,190.7541,185.5684,,-0.0132
1/3/1993,190.171,186.3016,190.171,186.2911,,0.0197
1/2/1993,186.5014,183.3931,186.5014,181.2886,,0.0172
1/1/1993,183.3482,179.2787,183.8239,177.5368,,0.0129
1/12/1992,181.0064,178.2443,183.107,175.4189,,0.0051
1/11/1992,180.0958,183.9565,183.9565,180.0958,,-0.0127
1/10/1992,182.4082,188.0272,190.7819,182.1496,,-0.0248
1/9/1992,187.0465,187.1782,189.2271,186.7395,,0.0035
1/8/1992,186.3997,185.7219,187.0408,182.9001,,-0.0016
1/7/1992,186.6917,191.2086,192.022,186.4855,,-0.022
1/6/1992,190.8873,193.0365,196.0347,190.8873,,-0.011
1/5/1992,193.0193,190.6657,193.6244,185.166,,0.0152
1/4/1992,190.1203,186.4998,190.1203,185.6207,,0.0291
1/3/1992,184.7368,180.0212,185.3353,180.0212,,0.0163
1/2/1992,181.7778,182.9407,189.2804,179.9067,,-0.0032
1/1/1992,182.3528,177.8286,183.858,172.6546,,0.0307
1/12/1991,176.9177,188.0909,188.0909,174.4274,,-0.0694
1/11/1991,190.1044,200.2224,200.7197,188.9072,,-0.0425
1/10/1991,198.5509,193.9427,201.7791,193.9427,,0.0238
1/9/1991,193.9276,192.1621,194.8965,189.7211,,0.0067
1/8/1991,192.6421,190.8022,192.911,187.2793,,0.0039
1/7/1991,191.8876,186.1121,191.8876,185.5788,,0.0347
1/6/1991,185.4473,193.1335,193.1335,183.6174,,-0.0386
1/5/1991,192.89,197.589,199.5815,192.89,,-0.0159
1/4/1991,195.998,192.8825,199.9437,192.8825,,0.0096
1/3/1991,194.1259,192.3325,199.1923,191.4191,,0.0151
1/2/1991,191.2345,193.181,195.9278,183.3225,,-0.0165
1/1/1991,194.4476,211.2772,228.3512,184.6536,,-0.116
1/12/1990,219.97,223.72,228.49,206.85,,-0.0336
1/11/1990,227.61,250.05,251.38,225.09,,-0.0873
1/10/1990,249.37,260.31,270.41,228.32,,-0.0771
1/9/1990,270.19,236.42,270.41,236.42,,0.1984
1/8/1990,225.45,199.34,253.41,199.34,,0.1456
1/7/1990,196.8,184.47,196.8,181.56,,0.0685
1/6/1990,184.18,189.29,189.29,182.66,,-0.0297
1/5/1990,189.81,196.18,197.44,189.81,,-0.0213
1/4/1990,193.94,200.4,200.61,190.12,,-0.0235
1/3/1990,198.61,192.86,198.61,192.86,,0.0136
1/2/1990,195.94,198.52,200.95,195.28,,-0.0145
1/1/1990,198.83,212.09,215.64,196.75,,-0.0406
1/12/1989,207.25,193.53,207.25,193.07,,0.0791
1/11/1989,192.05,191.48,193.85,189.2,,0.0118
1/10/1989,189.81,192.35,194.37,188.46,,-0.0176
1/9/1989,193.22,183.22,193.22,183.22,,0.0504
1/8/1989,183.95,177.82,184.05,177.42,,0.0245
1/7/1989,179.55,188.45,190.22,178.19,,-0.0514
1/6/1989,189.27,188.23,193.05,179.7,,0.0039
1/5/1989,188.54,199.38,199.38,184.45,,-0.0459
1/4/1989,197.61,196.11,201.6,192.74,,-0.0001
1/3/1989,197.62,186.84,198.53,186.84,,0.0602
1/2/1989,186.39,183.02,186.39,176.33,,0.0262
1/1/1989,181.64,184.69,187.8,181.58,,-0.015
1/12/1988,184.41,175.41,184.41,172.95,,0.0598
1/11/1988,174.01,166.46,174.01,161.8,,0.042
1/10/1988,166.99,161.16,171.03,159.39,,0.0297
1/9/1988,162.18,167.76,169.59,162.18,,-0.0321
1/8/1988,167.56,170.09,170.68,165.44,,-0.0112
1/7/1988,169.45,171.57,175.79,166.92,,-0.0106
1/6/1988,171.27,178.3,179.81,170.87,,-0.0378
1/5/1988,177.99,170.7,177.99,170.7,,0.017
1/4/1988,175.01,170.82,177.07,169.78,,0.0223
1/3/1988,171.2,162.51,172.32,160.21,,0.0452
1/2/1988,163.79,166.3,172.16,163.13,,-0.017
1/1/1988,166.63,169.74,171.72,165.95,,0.014
1/12/1987,164.33,171.47,171.79,158.32,,-0.0426
1/11/1987,171.64,171.65,173.54,169.32,,-0.015
1/10/1987,174.25,175.14,180.11,174.25,,0.0037
1/9/1987,173.61,173.56,175.61,171.95,,-0.0012
1/8/1987,173.81,180.86,180.86,168.78,,-0.0225
1/7/1987,177.81,176.71,179.67,171.92,,0.0116
1/6/1987,175.77,172.99,176.17,172.58,,0.0197
1/5/1987,172.38,170.65,176.24,170.65,,0.0129
1/4/1987,170.18,165,170.18,162.01,,0.0337
1/3/1987,164.63,154.14,165.62,154.14,,0.0664
1/2/1987,154.38,164.48,164.48,152.89,,-0.0675
1/1/1987,165.55,160.12,165.55,159.73,,0.0394
1/12/1986,159.27,162.68,162.68,157.69,,-0.0093
1/11/1986,160.77,160.68,162.5,158.77,,0.0033
1/10/1986,160.24,159.19,161.5,155.79,,0.0126
1/9/1986,158.25,164.92,165.83,157.21,,-0.0348
1/8/1986,163.95,151.78,163.95,151.78,,0.0905
1/7/1986,150.35,151.15,153.41,144.33,,-0.0138
1/6/1986,152.45,153.21,154.7,146.69,,-0.0107
1/5/1986,154.1,161.35,167.02,154.1,,-0.0575
1/4/1986,163.5,160.38,163.5,149.95,,0.0216
1/3/1986,160.04,159.9,168.88,159.9,,-0.0177
1/2/1986,162.92,169.23,172.57,161.35,,-0.0634
1/1/1986,173.94,192.98,193.08,173.94,,-0.1127
1/12/1985,196.04,201.86,201.86,191.87,,-0.0274
1/11/1985,201.56,202.14,202.14,196.58,,0.0027
1/10/1985,201.02,189.09,201.02,189.09,,0.0661
1/9/1985,188.55,175.68,188.55,174.76,,0.0682
1/8/1985,176.51,173.7,177.88,173.7,,0.0169
1/7/1985,173.58,177.16,180.05,172.26,,-0.0359
1/6/1985,180.05,187.93,187.93,179.65,,-0.0403
1/5/1985,187.62,186.97,189.95,183.27,,0.0011
1/4/1985,187.42,197.95,198.29,187.42,,-0.0532
1/3/1985,197.96,189.41,199.63,189.2,,0.0517
1/2/1985,188.23,195.41,195.92,185.82,,-0.0286
1/1/1985,193.78,194.21,194.41,191,,-0.009
1/12/1984,195.53,199.75,200.74,194.58,,-0.0253
1/11/1984,200.6,200.95,203.65,199.91,,0.0064
1/10/1984,199.33,199.87,200.04,194.56,,0.0009
1/9/1984,199.16,197.98,201.17,197.46,,0.0026
1/8/1984,198.64,193.76,200.2,193.76,,0.0403
1/7/1984,190.95,205.86,205.86,190.55,,-0.082
1/6/1984,208,213.9,213.9,205.69,,-0.0303
1/5/1984,214.5,211.19,218.72,211.19,,0.0179
1/4/1984,210.72,217.98,219.4,210.72,,-0.0297
1/3/1984,217.18,207.98,217.18,207.98,,0.0476
1/2/1984,207.32,214.91,214.91,200.48,,-0.0199
1/1/1984,211.53,211.87,215.02,211.18,,-0.0213
1/12/1983,216.14,209.02,218.94,206.46,,0.0396
1/11/1983,207.91,206.93,211.79,206.93,,0.0095
1/10/1983,205.96,206.27,211.12,205.55,,-0.0144
1/9/1983,208.97,213.05,216.12,208.97,,-0.0243
1/8/1983,214.17,212.44,221.08,212.44,,0.021
1/7/1983,209.76,206.78,210.49,202.83,,0.0112
1/6/1983,207.43,205.04,210.25,205.04,,0.0025
1/5/1983,206.91,207.05,208.49,203.88,,-0.0109
1/4/1983,209.18,209.23,213.59,209.05,,0.0077
1/3/1983,207.59,197.52,207.59,196.46,,0.0643
1/2/1983,195.05,200.81,203.96,195.05,,-0.0201
1/1/1983,199.05,202.23,206.8,199.05,,-0.012
1/12/1982,201.46,204.74,204.74,198.76,,-0.0175
1/11/1982,205.05,196.81,205.79,196.81,,0.0398
1/10/1982,197.21,196.55,204.16,194.93,,-0.011
1/9/1982,199.4,208.08,211.67,199.4,,-0.0377
1/8/1982,207.22,208.67,213.64,205.76,,0.0004
1/7/1982,207.14,211.56,211.56,204.38,,-0.0115
1/6/1982,209.55,212.91,212.91,202.72,,-0.0372
1/5/1982,217.65,222.49,223.07,217.33,,-0.0252
1/4/1982,223.28,217.59,225.07,217.26,,0.0349
1/3/1982,215.75,209.61,215.79,209.61,,0.0332
1/2/1982,208.82,213.79,215.22,208.82,,-0.0222
1/1/1982,213.57,203.59,213.57,203.59,,0.0591
1/12/1981,201.65,215.71,216.02,199.09,,-0.0639
1/11/1981,215.42,220.24,225.82,212.75,,-0.0267
1/10/1981,221.34,222.21,226.05,218.55,,-0.0074
1/9/1981,222.98,224.03,231.7,222.98,,-0.0004
1/8/1981,223.07,227.71,231.36,221.46,,-0.0326
1/7/1981,230.58,229.55,233.71,224.89,,0.0129
1/6/1981,227.64,241.62,243.87,227.64,,-0.0657
1/5/1981,243.65,245.05,245.05,233.02,,-0.0048
1/4/1981,244.83,247.45,250.56,244.83,,-0.0169
1/3/1981,249.03,238.53,249.03,236.21,,0.0156
1/2/1981,245.21,248.4,258.35,245.21,,-0.0277
1/1/1981,252.19,269.18,274.33,250.56,,-0.0614
1/12/1980,268.69,286,287.31,256.65,,-0.0861
1/11/1980,293.99,295.2,302.21,286.95,,0.0102
1/10/1980,291.03,286.6,298.17,281.97,,0.0222
1/9/1980,284.71,268.04,289.95,268.04,,0.0707
1/8/1980,265.92,262.95,268.94,261.03,,0.0162
1/7/1980,261.69,255.33,261.69,249.32,,0.0301
1/6/1980,254.04,233.37,254.04,229.95,,0.0678
1/5/1980,237.91,225.65,242.91,225.65,,0.0596
1/4/1980,224.53,212.56,230.61,212.05,,0.0384
1/3/1980,216.22,250.98,251.87,216.22,,-0.1276
1/2/1980,247.85,251.36,262.98,247.4,,-0.012
1/1/1980,250.85,239.66,250.85,232.87,,0.0548
1/12/1979,237.81,236.71,239.61,228.92,,0.0071
1/11/1979,236.13,215.08,239.24,215.08,,0.0969
1/10/1979,215.27,230.32,230.32,211.7,,-0.0409
1/9/1979,224.45,209.98,224.45,209.98,,0.0499
1/8/1979,213.78,192.07,213.78,189.2,,0.1108
1/7/1979,192.45,207.88,215.87,192.18,,-0.066
1/6/1979,206.06,203.79,216.05,202.96,,0
1/5/1979,206.05,219.38,220.17,204.19,,-0.0633
1/4/1979,219.97,209.04,219.97,206.86,,0.0509
1/3/1979,209.32,216.57,216.57,208.61,,-0.0249
1/2/1979,214.67,202.26,214.67,202.26,,0.051
1/1/1979,204.26,193.68,204.26,193.68,,0.058
1/12/1978,193.07,198.3,199.2,191.35,,-0.0182
1/11/1978,196.64,187.81,198.94,187.81,,0.023
1/10/1978,192.21,194.49,198.64,186.95,,0.0031
1/9/1978,191.62,181.8,191.79,180.9,,0.0658
1/8/1978,179.79,172.71,181.66,171.86,,0.0232
1/7/1978,175.72,175.18,177.38,165.74,,0.0058
1/6/1978,174.7,192.47,192.47,171.11,,-0.1063
1/5/1978,195.49,183.63,199.46,182.3,,0.0673
1/4/1978,183.16,177.63,184.76,177.63,,0.0195
1/3/1978,179.66,164.01,182.95,163.74,,0.1074
1/2/1978,162.23,160.01,164.63,159.53,,0.0196
1/1/1978,159.11,159.29,159.6,153.97,,-0.0014
1/12/1977,159.33,152.65,159.35,151.69,,0.0466
1/11/1977,152.24,150.87,152.96,147.46,,0.0202
1/10/1977,149.22,146.72,150.01,145.67,,0.0238
1/9/1977,145.75,140.44,146.93,140.44,,0.0338
1/8/1977,140.98,137.03,141.79,137.03,,0.017
1/7/1977,138.63,158.82,158.82,138.63,,-0.1294
1/6/1977,159.24,166.59,168.05,152.25,,-0.052
1/5/1977,167.97,176.45,176.45,166.78,,-0.0375
1/4/1977,174.51,165.75,176.66,165.15,,0.0556
1/3/1977,165.32,157.68,169.9,156.94,,0.0601
1/2/1977,155.95,156.35,160.01,155.95,,0.0027
1/1/1977,155.53,157.05,157.4,151.79,,-0.0163
1/12/1976,158.1,151.87,158.4,151.87,,0.0469
1/11/1976,151.02,148.67,154.38,147.92,,0.0149
1/10/1976,148.81,150.12,159.49,148.81,,-0.0157
1/9/1976,151.18,167.69,172.71,151.18,,-0.0973
1/8/1976,167.47,168.25,175.05,167.42,,-0.0271
1/7/1976,172.13,191.61,192.37,172.13,,-0.0914
1/6/1976,189.45,195.81,198.1,189.45,,-0.0314
1/5/1976,195.59,192.98,195.59,186.84,,0.0186
1/4/1976,192.01,184.99,199.06,184.99,,0.0414
1/3/1976,184.38,175.93,184.8,174.95,,0.0309
1/2/1976,178.86,172.34,182.86,170.09,,0.0604
1/1/1976,168.67,182.94,185.42,166.8,,-0.0806
1/12/1975,183.46,189.72,191.73,179.07,,-0.0301
1/11/1975,189.16,191.59,195.3,187.33,,-0.0217
1/10/1975,193.36,213.39,213.39,193.36,,-0.0844
1/9/1975,211.19,208.08,217.01,208.08,,-0.0003
1/8/1975,211.25,193.34,219.45,193.34,,0.0984
1/7/1975,192.33,184.26,204.43,183.07,,0.0234
1/6/1975,187.94,186.5,194.07,184.69,,-0.0066
1/5/1975,189.19,199.91,202.84,186.65,,-0.0553
1/4/1975,200.26,214.17,214.17,200.26,,-0.0692
1/3/1975,215.15,196.31,215.15,196.31,,0.0843
1/2/1975,198.42,220.4,228.66,198.42,,-0.1098
1/1/1975,222.9,260.66,260.66,218.71,,-0.1558
1/12/1974,264.03,281.22,281.45,258.24,,-0.0876
1/11/1974,289.39,277.61,308.1,277.61,,0.0369
1/10/1974,279.08,253.27,279.08,253.27,,0.0843
1/9/1974,257.38,240.57,257.38,224.11,,0.0708
1/8/1974,240.36,249.2,255.94,239.71,,-0.0512
1/7/1974,253.34,212.94,253.34,211.29,,0.2266
1/6/1974,206.54,190.85,208.76,185.44,,0.0812
1/5/1974,191.02,202.78,205.69,188.65,,-0.0682
1/4/1974,205.01,206.77,212.27,201.45,,-0.037
1/3/1974,212.89,238.67,238.67,212.88,,-0.1001
1/2/1974,236.56,243.85,255.18,236.56,,-0.0312
1/1/1974,244.17,223.08,246.32,223.08,,0.1163
1/12/1973,218.73,198.72,218.73,198.72,,0.0988
1/11/1973,199.06,188.07,206.09,185.16,,0.0683
1/10/1973,186.34,195.91,204.54,182.96,,-0.0594
1/9/1973,198.1,201.99,205.78,193.68,,-0.0486
1/8/1973,208.21,209.77,234.93,206.42,,-0.0048
1/7/1973,209.22,170.39,209.22,167.74,,0.2619
1/6/1973,165.8,182.81,187.17,164.18,,-0.079
1/5/1973,180.02,153.65,181.28,152.41,,0.1696
1/4/1973,153.91,149.15,153.91,145.1,,0.0324
1/3/1973,149.08,156.29,157.68,147.42,,-0.0297
1/2/1973,153.65,152.49,153.68,144.31,,0.0198
1/1/1973,150.67,147.03,154.56,147.03,,0.024
1/12/1972,147.14,138.35,147.16,138.35,,0.0759
1/11/1972,136.76,127.32,136.76,127.18,,0.0742
1/10/1972,127.31,126.85,127.56,125.58,,-0.0136
1/9/1972,129.06,119.41,130.86,119.41,,0.0888
1/8/1972,118.53,111.95,118.96,111.95,,0.0651
1/7/1972,111.29,117.77,117.77,111.18,,-0.0396
1/6/1972,115.88,112.86,115.88,112.31,,0.0215
1/5/1972,113.44,112.99,113.46,112.25,,0.0042
1/4/1972,112.97,110.67,112.97,110.67,,0.0152
1/3/1972,111.28,111.19,112.53,110.5,,-0.0025
1/2/1972,111.56,111.59,112.99,110.71,,-0.0128
1/1/1972,113.01,111.52,114.99,111.52,,0.0096
1/12/1971,111.93,108.75,112.35,108.67,,0.0336
1/11/1971,108.29,107.84,109.49,107.25,,0.0023
1/10/1971,108.04,104.1,108.19,103.47,,0.0431
1/9/1971,103.58,104.64,105.71,102.31,,-0.0082
1/8/1971,104.44,105.19,106.15,104.12,,-0.0061
1/7/1971,105.08,106.65,106.86,104.35,,-0.0101
1/6/1971,106.15,107.99,109.67,106.15,,-0.0166
1/5/1971,107.94,107.84,108,104.66,,0.0047
1/4/1971,107.43,109.09,111.4,106.34,,-0.0051
1/3/1971,107.98,109.04,110.12,107.58,,-0.0051
1/2/1971,108.53,112.01,112.34,108.42,,-0.0151
1/1/1971,110.19,105.48,110.19,104.57,,0.0503
1/12/1970,104.91,105.12,105.16,102.15,,0.0056
1/11/1970,104.33,104.99,106.74,103.73,,-0.0052
1/10/1970,104.88,105.41,107.73,104.88,,-0.0074
1/9/1970,105.66,104.17,107.25,104.17,,0.0039
1/8/1970,105.25,100.48,106.13,99.86,,0.0509
1/7/1970,100.15,104.79,104.89,99.93,,-0.0511
1/6/1970,105.54,100.3,105.54,99.72,,0.0615
1/5/1970,99.43,102.2,102.2,98.92,,-0.0302
1/4/1970,102.53,104.26,104.94,101.64,,-0.0206
1/3/1970,104.69,103.98,106.83,103.98,,0.0031
1/2/1970,104.37,102.02,104.54,101.66,,0.0213
