Record Date,Security Type Description,Security Class 1 Description,Security Class 2 Description,Interest Rate,Yield,Issue Date,Maturity Date,Interest Payable Date 1,Interest Payable Date 2,Issued Amount (in Millions),Amount Adjusted for Inflation (in Millions),Redeemed Amount (in Millions),Outstanding Amount (in Millions)
RecDate,Type,Desc,CUSIP,Coupon,Yield,IssueDate,MatureDate,IntDate1,IntDate2,IssueAmt,InfAdjAmt,RedeemedAmt,OutstandingAmt
2024-08-31,Marketable,Bills Maturity Value,912797LK1,null,5.23,2024-08-06,2024-10-01,10/24,null,85267.5356,0,0,null
2024-08-31,Marketable,Bills Maturity Value,912797LA3,null,5.245,2024-05-07,2024-09-03,09/24,null,60190.8239,0,0,230673.7146
2024-08-31,Marketable,Bills Maturity Value,912797LA3,null,5.275,2024-07-09,2024-09-03,09/24,null,80213.9748,0,0,null
2024-08-31,Marketable,Bills Maturity Value,912797LA3,null,5.285,2024-08-06,2024-09-03,09/24,null,90268.9159,0,0,null
2024-08-31,Marketable,Bills Maturity Value,912797GL5,null,5.12,2023-09-07,2024-09-05,09/24,null,43129.0158,0,0,254181.4368
2024-08-31,Marketable,Bills Maturity Value,912797GL5,null,5.105,2024-03-07,2024-09-05,09/24,null,70271.7548,0,0,null
2024-08-31,Marketable,Bills Maturity Value,912797GL5,null,5.25,2024-06-06,2024-09-05,09/24,null,70779.3575,0,0,null
2024-08-31,Marketable,Bills Maturity Value,912797GL5,null,5.27,2024-07-25,2024-09-05,09/24,null,70001.3087,0,0,null
2024-08-31,Marketable,Bills Maturity Value,912797LG0,null,5.24,2024-05-14,2024-09-10,09/24,null,60175.5242,0,0,240675.2989
2024-08-31,Marketable,Bills Maturity Value,912797LG0,null,5.26,2024-07-16,2024-09-10,09/24,null,85216.1862,0,0,null
2024-08-31,Marketable,Bills Maturity Value,912797LG0,null,5.285,2024-08-13,2024-09-10,09/24,null,95283.5885,0,0,null
2024-08-31,Marketable,Bills Maturity Value,912797KK2,null,5.1,2024-03-14,2024-09-12,09/24,null,70292.7446,0,0,246791.866
2024-08-31,Marketable,Bills Maturity Value,912797KK2,null,5.25,2024-06-13,2024-09-12,09/24,null,71496.9461,0,0,null
2024-08-31,Marketable,Bills Maturity Value,912797KK2,null,5.28,2024-08-01,2024-09-12,09/24,null,70001.9473,0,0,null
2024-08-31,Marketable,Bills Maturity Value,912797KK2,null,5.26,2024-08-27,2024-09-12,09/24,null,35000.228,0,0,null
2024-08-31,Marketable,Bills Maturity Value,912797LH8,null,5.235,2024-05-21,2024-09-17,09/24,null,60184.9946,0,0,240684.5185
2024-08-31,Marketable,Bills Maturity Value,912797LH8,null,5.26,2024-07-23,2024-09-17,09/24,null,85236.5526,0,0,null
2024-08-31,Marketable,Bills Maturity Value,912797LH8,null,5.26,2024-08-20,2024-09-17,09/24,null,95262.9713,0,0,null
2024-08-31,Marketable,Bills Maturity Value,912797KL0,null,5.13,2024-03-21,2024-09-19,09/24,null,70159.4905,0,0,215493.4464
2024-08-31,Marketable,Bills Maturity Value,912797KL0,null,5.25,2024-06-20,2024-09-19,09/24,null,70333.3383,0,0,null
2024-08-31,Marketable,Bills Maturity Value,912797KL0,null,5.27,2024-08-08,2024-09-19,09/24,null,75000.6176,0,0,null
2024-08-31,Marketable,Bills Maturity Value,912797LJ4,null,5.235,2024-05-28,2024-09-24,09/24,null,60213.2518,0,0,240709.1917
2024-08-31,Marketable,Bills Maturity Value,912797LJ4,null,5.26,2024-07-30,2024-09-24,09/24,null,85256.9937,0,0,null
2024-08-31,Marketable,Bills Maturity Value,912797LJ4,null,5.24,2024-08-27,2024-09-24,09/24,null,95238.9462,0,0,null
2024-08-31,Marketable,Bills Maturity Value,912797KM8,null,5.105,2024-03-28,2024-09-26,09/24,null,70471.4202,0,0,216886.0044
2024-08-31,Marketable,Bills Maturity Value,912797KM8,null,5.235,2024-06-27,2024-09-26,09/24,null,71414.2982,0,0,null
2024-08-31,Marketable,Bills Maturity Value,912797KM8,null,5.23,2024-08-15,2024-09-26,09/24,null,75000.286,0,0,null
2024-08-31,Marketable,Bills Maturity Value,912797LK1,null,5.24,2024-06-04,2024-10-01,10/24,null,60238.2271,0,0,145505.7627
2024-08-31,Marketable,Bills Maturity Value,912797GW1,null,5.185,2023-10-05,2024-10-03,10/24,null,47237.376,0,0,274399.896
2024-08-31,Marketable,Bills Maturity Value,912797GW1,null,5.125,2024-04-04,2024-10-03,10/24,null,74657.349,0,0,null
2024-08-31,Marketable,Bills Maturity Value,912797GW1,null,5.24,2024-07-05,2024-10-03,10/24,null,77505.026,0,0,null
2024-08-31,Marketable,Bills Maturity Value,912797GW1,null,5.185,2024-08-22,2024-10-03,10/24,null,75000.145,0,0,null
2024-08-31,Marketable,Bills Maturity Value,912797LS4,null,5.225,2024-06-11,2024-10-08,10/24,null,60244.0264,0,0,150522.3287
2024-08-31,Marketable,Bills Maturity Value,912797LS4,null,5.19,2024-08-13,2024-10-08,10/24,null,90278.3023,0,0,null
2024-08-31,Marketable,Bills Maturity Value,912797KT3,null,5.12,2024-04-11,2024-10-10,10/24,null,74093.7632,0,0,229366.3047
2024-08-31,Marketable,Bills Maturity Value,912797KT3,null,5.23,2024-07-11,2024-10-10,10/24,null,80271.8173,0,0,null
2024-08-31,Marketable,Bills Maturity Value,912797KT3,null,5.15,2024-08-29,2024-10-10,10/24,null,75000.7242,0,0,null
2024-08-31,Marketable,Bills Maturity Value,912797LT2,null,5.22,2024-06-18,2024-10-15,10/24,null,60248.4733,0,0,150533.126
2024-08-31,Marketable,Bills Maturity Value,912797LT2,null,5.175,2024-08-20,2024-10-15,10/24,null,90284.6527,0,0,null
2024-08-31,Marketable,Bills Maturity Value,912797KU0,null,5.155,2024-04-18,2024-10-17,10/24,null,74706.232,0,0,155180.3093
2024-08-31,Marketable,Bills Maturity Value,912797KU0,null,5.195,2024-07-18,2024-10-17,10/24,null,80474.0773,0,0,null
2024-08-31,Marketable,Bills Maturity Value,912797LU9,null,5.22,2024-06-25,2024-10-22,10/24,null,60249.3443,0,0,150490.4719
2024-08-31,Marketable,Bills Maturity Value,912797LU9,null,5.125,2024-08-27,2024-10-22,10/24,null,90241.1276,0,0,null
2024-08-31,Marketable,Bills Maturity Value,912797KV8,null,5.16,2024-04-25,2024-10-24,10/24,null,74289.235,0,0,154599.529
2024-08-31,Marketable,Bills Maturity Value,912797KV8,null,5.19,2024-07-25,2024-10-24,10/24,null,80310.294,0,0,null
2024-08-31,Marketable,Bills Maturity Value,912797LV7,null,5.22,2024-07-02,2024-10-29,10/24,null,60162.9824,0,0,60162.9824
2024-08-31,Marketable,Bills Maturity Value,912797HE0,null,5.135,2023-11-02,2024-10-31,10/24,null,48797.2249,0,0,210391.9509
2024-08-31,Marketable,Bills Maturity Value,912797HE0,null,5.165,2024-05-02,2024-10-31,10/24,null,77786.7902,0,0,null
2024-08-31,Marketable,Bills Maturity Value,912797HE0,null,5.145,2024-08-01,2024-10-31,10/24,null,83807.9358,0,0,null
2024-08-31,Marketable,Bills Maturity Value,912797MA2,null,5.205,2024-07-09,2024-11-05,11/24,null,60151.6103,0,0,60151.6103
2024-08-31,Marketable,Bills Maturity Value,912797LC9,null,5.155,2024-05-09,2024-11-07,11/24,null,75990.0325,0,0,158087.4133
2024-08-31,Marketable,Bills Maturity Value,912797LC9,null,5.075,2024-08-08,2024-11-07,11/24,null,82097.3808,0,0,null
2024-08-31,Marketable,Bills Maturity Value,912797MB0,null,5.195,2024-07-16,2024-11-12,11/24,null,60153.2546,0,0,60153.2546
2024-08-31,Marketable,Bills Maturity Value,912797LD7,null,5.165,2024-05-16,2024-11-14,11/24,null,76971.3575,0,0,159911.291
2024-08-31,Marketable,Bills Maturity Value,912797LD7,null,5.07,2024-08-15,2024-11-14,11/24,null,82939.9335,0,0,null
2024-08-31,Marketable,Bills Maturity Value,912797MC8,null,5.135,2024-07-23,2024-11-19,11/24,null,60165.4773,0,0,60165.4773
2024-08-31,Marketable,Bills Maturity Value,912797LE5,null,5.16,2024-05-23,2024-11-21,11/24,null,75574.0247,0,0,157160.0377
2024-08-31,Marketable,Bills Maturity Value,912797LE5,null,5.055,2024-08-22,2024-11-21,11/24,null,81586.013,0,0,null
2024-08-31,Marketable,Bills Maturity Value,912797MD6,null,5.115,2024-07-30,2024-11-26,11/24,null,60185.8339,0,0,60185.8339
2024-08-31,Marketable,Bills Maturity Value,912797HP5,null,4.935,2023-11-30,2024-11-29,11/24,null,47305.3556,0,0,203902.0037
2024-08-31,Marketable,Bills Maturity Value,912797HP5,null,5.17,2024-05-30,2024-11-29,11/24,null,75305.3413,0,0,null
2024-08-31,Marketable,Bills Maturity Value,912797HP5,null,4.98,2024-08-29,2024-11-29,11/24,null,81291.3068,0,0,null
2024-08-31,Marketable,Bills Maturity Value,912797ME4,null,5.09,2024-08-06,2024-12-03,12/24,null,60188.8274,0,0,60188.8274
2024-08-31,Marketable,Bills Maturity Value,912797LF2,null,5.155,2024-06-06,2024-12-05,12/24,null,70778.4899,0,0,70778.4899
2024-08-31,Marketable,Bills Maturity Value,912797MN4,null,4.99,2024-08-13,2024-12-10,12/24,null,60184.3252,0,0,60184.3252
2024-08-31,Marketable,Bills Maturity Value,912797LP0,null,5.165,2024-06-13,2024-12-12,12/24,null,71493.17,0,0,71493.17
2024-08-31,Marketable,Bills Maturity Value,912797MP9,null,4.98,2024-08-20,2024-12-17,12/24,null,60190.2931,0,0,60190.2931
2024-08-31,Marketable,Bills Maturity Value,912797LQ8,null,5.15,2024-06-20,2024-12-19,12/24,null,70333.3503,0,0,70333.3503
2024-08-31,Marketable,Bills Maturity Value,912797MQ7,null,4.92,2024-08-27,2024-12-24,12/24,null,60164.9631,0,0,60164.9631
2024-08-31,Marketable,Bills Maturity Value,912796ZV4,null,4.595,2023-12-28,2024-12-26,12/24,null,45514.4193,0,0,116933.1875
2024-08-31,Marketable,Bills Maturity Value,912796ZV4,null,5.14,2024-06-27,2024-12-26,12/24,null,71418.7682,0,0,null
2024-08-31,Marketable,Bills Maturity Value,912797LR6,null,5.115,2024-07-05,2025-01-02,01/25,null,74309.2898,0,0,74309.2898
2024-08-31,Marketable,Bills Maturity Value,912797LX3,null,5.08,2024-07-11,2025-01-09,01/25,null,73930.1982,0,0,73930.1982
2024-08-31,Marketable,Bills Maturity Value,912797LY1,null,4.985,2024-07-18,2025-01-16,01/25,null,74116.6592,0,0,74116.6592
2024-08-31,Marketable,Bills Maturity Value,912797JR9,null,4.57,2024-01-25,2025-01-23,01/25,null,48610.9408,0,0,122574.4123
2024-08-31,Marketable,Bills Maturity Value,912797JR9,null,4.99,2024-07-25,2025-01-23,01/25,null,73963.4715,0,0,null
2024-08-31,Marketable,Bills Maturity Value,912797LZ8,null,4.93,2024-08-01,2025-01-30,01/25,null,77189.0884,0,0,77189.0884
2024-08-31,Marketable,Bills Maturity Value,912797MJ3,null,4.7,2024-08-08,2025-02-06,02/25,null,75617.2224,0,0,75617.2224
2024-08-31,Marketable,Bills Maturity Value,912797MK0,null,4.795,2024-08-15,2025-02-13,02/25,null,76401.4705,0,0,76401.4705
2024-08-31,Marketable,Bills Maturity Value,912797KA4,null,4.695,2024-02-22,2025-02-20,02/25,null,49394.7087,0,0,124556.2971
2024-08-31,Marketable,Bills Maturity Value,912797KA4,null,4.77,2024-08-22,2025-02-20,02/25,null,75161.5884,0,0,null
2024-08-31,Marketable,Bills Maturity Value,912797ML8,null,4.685,2024-08-29,2025-02-27,02/25,null,74880.0766,0,0,74880.0766
2024-08-31,Marketable,Bills Maturity Value,912797KJ5,null,4.81,2024-03-21,2025-03-20,03/25,null,46094.4534,0,0,46094.4534
2024-08-31,Marketable,Bills Maturity Value,912797KS5,null,4.915,2024-04-18,2025-04-17,04/25,null,49094.6433,0,0,49094.6433
2024-08-31,Marketable,Bills Maturity Value,912797LB1,null,4.895,2024-05-16,2025-05-15,05/25,null,50569.8138,0,0,50569.8138
2024-08-31,Marketable,Bills Maturity Value,912797LN5,null,4.915,2024-06-13,2025-06-12,06/25,null,46968.7088,0,0,46968.7088
2024-08-31,Marketable,Bills Maturity Value,912797LW5,null,4.775,2024-07-11,2025-07-10,07/25,null,48584.0844,0,0,48584.0844
2024-08-31,Marketable,Bills Maturity Value,912797MG9,null,4.255,2024-08-08,2025-08-07,08/25,null,49683.3449,0,0,49683.3449
2024-08-31,Marketable,Notes,91282CCX7,0.375,0.447,2021-09-15,2024-09-15,03/15,09/15,64175.8783,0,0,64175.8783
2024-08-31,Marketable,Notes,9128282Y5,2.125,2.13,2017-10-02,2024-09-30,03/31,09/30,31480.1,0,-382,31098.1
2024-08-31,Marketable,Notes,912828YH7,1.5,1.6,2019-09-30,2024-09-30,03/31,09/30,45258.96,0,-160,45098.96
2024-08-31,Marketable,Notes,91282CFN6,4.25,4.29,2022-09-30,2024-09-30,03/31,09/30,42988.8016,0,-25,42963.8016
2024-08-31,Marketable,Notes,91282CDB4,0.625,0.635,2021-10-15,2024-10-15,04/15,10/15,62364.0444,0,0,62364.0444
2024-08-31,Marketable,Notes,9128283D0,2.25,2.28,2017-10-31,2024-10-31,04/30,10/31,28700.4899,0,0,28700.4899
2024-08-31,Marketable,Notes,912828YM6,1.5,1.57,2019-10-31,2024-10-31,04/30,10/31,45286.6412,0,0,45286.6412
2024-08-31,Marketable,Notes,91282CFQ9,4.375,4.46,2022-10-31,2024-10-31,04/30,10/31,41994.6408,0,0,41994.6408
2024-08-31,Marketable,Notes,912828G38,2.25,2.365,2014-11-17,2024-11-15,05/15,11/15,24032.1552,0,0,66031.9112
2024-08-31,Marketable,Notes,912828G38,2.25,2.214,2014-12-15,2024-11-15,05/15,11/15,21000.0122,0,0,null
2024-08-31,Marketable,Notes,912828G38,2.25,1.93,2015-01-15,2024-11-15,05/15,11/15,20999.7438,0,0,null
2024-08-31,Marketable,Notes,91282CDH1,0.75,0.75,2021-11-15,2024-11-15,05/15,11/15,88393.5916,0,0,88393.5916
2024-08-31,Marketable,Notes,9128283J7,2.125,2.23,2017-11-30,2024-11-30,05/31,11/30,29519.4578,0,0,29519.4578
2024-08-31,Marketable,Notes,912828YV6,1.5,1.587,2019-12-02,2024-11-30,05/31,11/30,44254.9451,0,0,44254.9451
2024-08-31,Marketable,Notes,91282CFX4,4.5,4.505,2022-11-30,2024-11-30,05/31,11/30,46562.1017,0,0,46562.1017
2024-08-31,Marketable,Notes,91282CDN8,1,1,2021-12-15,2024-12-15,06/15,12/15,61962.8779,0,0,61962.8779
2024-08-31,Marketable,Notes,9128283P3,2.25,2.37,2018-01-02,2024-12-31,06/30,12/31,31660.2996,0,0,31660.2996
2024-08-31,Marketable,Notes,912828YY0,1.75,1.756,2019-12-31,2024-12-31,06/30,12/31,44858.7444,0,0,44858.7444
2024-08-31,Marketable,Notes,91282CGD7,4.25,4.373,2023-01-03,2024-12-31,06/30,12/31,41988.9912,0,0,41988.9912
2024-08-31,Marketable,Notes,91282CDS7,1.125,1.237,2022-01-18,2025-01-15,07/15,01/15,60343.4138,0,0,60343.4138
2024-08-31,Marketable,Notes,9128283V0,2.5,2.565,2018-01-31,2025-01-31,07/31,01/31,32115.1813,0,0,32115.1813
2024-08-31,Marketable,Notes,912828Z52,1.375,1.448,2020-01-31,2025-01-31,07/31,01/31,45231.8432,0,0,45231.8432
2024-08-31,Marketable,Notes,91282CGG0,4.125,4.139,2023-01-31,2025-01-31,07/31,01/31,41991.9935,0,0,41991.9935
2024-08-31,Marketable,Notes,912828J27,2,2,2015-02-17,2025-02-15,08/15,02/15,24000.1354,0,0,65988.28
2024-08-31,Marketable,Notes,912828J27,2,2.139,2015-03-16,2025-02-15,08/15,02/15,20995.1344,0,0,null
2024-08-31,Marketable,Notes,912828J27,2,1.925,2015-04-15,2025-02-15,08/15,02/15,21000.0102,0,-7,null
2024-08-31,Marketable,Notes,91282CDZ1,1.5,1.592,2022-02-15,2025-02-15,08/15,02/15,80247.9139,0,0,80247.9139
2024-08-31,Marketable,Notes,9128283Z1,2.75,2.839,2018-02-28,2025-02-28,08/31,02/28,36070.1115,0,-1,36069.1115
2024-08-31,Marketable,Notes,912828ZC7,1.125,1.15,2020-03-02,2025-02-28,08/31,02/28,47196.5544,0,-645,46551.5544
2024-08-31,Marketable,Notes,91282CGN5,4.625,4.673,2023-02-28,2025-02-28,08/31,02/29,51529.5151,0,0,51529.5151
2024-08-31,Marketable,Notes,91282CED9,1.75,1.775,2022-03-15,2025-03-15,09/15,03/15,56065.3273,0,0,56065.3273
2024-08-31,Marketable,Notes,9128284F4,2.625,2.72,2018-04-02,2025-03-31,09/30,03/31,34108.0894,0,0,34108.0894
2024-08-31,Marketable,Notes,912828ZF0,0.5,0.535,2020-03-31,2025-03-31,09/30,03/31,46512.2835,0,0,46512.2835
2024-08-31,Marketable,Notes,91282CGU9,3.875,3.954,2023-03-31,2025-03-31,09/30,03/31,41995.5782,0,0,41995.5782
2024-08-31,Marketable,Notes,91282CEH0,2.625,2.738,2022-04-18,2025-04-15,10/15,04/15,56972.2211,0,0,56972.2211
2024-08-31,Marketable,Notes,9128284M9,2.875,2.952,2018-04-30,2025-04-30,10/31,04/30,32701.4839,0,-125,32576.4839
2024-08-31,Marketable,Notes,912828ZL7,0.375,0.394,2020-04-30,2025-04-30,10/31,04/30,46734.3704,0,-250,46484.3704
2024-08-31,Marketable,Notes,91282CGX3,3.875,3.969,2023-05-01,2025-04-30,10/31,04/30,46083.9038,0,-150,45933.9038
2024-08-31,Marketable,Notes,912828XB1,2.125,2.237,2015-05-15,2025-05-15,11/15,05/15,24543.3321,0,0,66081.9894
2024-08-31,Marketable,Notes,912828XB1,2.125,2.461,2015-06-15,2025-05-15,11/15,05/15,21000.0349,0,0,null
2024-08-31,Marketable,Notes,912828XB1,2.125,2.225,2015-07-15,2025-05-15,11/15,05/15,20980.6224,0,-442,null
2024-08-31,Marketable,Notes,91282CEQ0,2.75,2.809,2022-05-16,2025-05-15,11/15,05/15,76491.7837,0,-460,76031.7837
2024-08-31,Marketable,Notes,9128284R8,2.875,2.93,2018-05-31,2025-05-31,11/30,05/31,35211.5971,0,0,35211.5971
2024-08-31,Marketable,Notes,912828ZT0,0.25,0.334,2020-06-01,2025-05-31,11/30,05/31,49724.255,0,-103,49621.255
2024-08-31,Marketable,Notes,91282CHD6,4.25,4.3,2023-05-31,2025-05-31,11/30,05/31,49881.0561,0,0,49881.0561
2024-08-31,Marketable,Notes,91282CEU1,2.875,2.927,2022-06-15,2025-06-15,12/15,06/15,46586.3105,0,0,46586.3105
2024-08-31,Marketable,Notes,912828XZ8,2.75,2.809,2018-07-02,2025-06-30,12/31,06/30,33736.0984,0,0,33736.0984
2024-08-31,Marketable,Notes,912828ZW3,0.25,0.33,2020-06-30,2025-06-30,12/31,06/30,53428.3934,0,0,53428.3934
2024-08-31,Marketable,Notes,91282CHL8,4.625,4.67,2023-06-30,2025-06-30,12/31,06/30,41993.504,0,0,41993.504
2024-08-31,Marketable,Notes,91282CEY3,3,3.093,2022-07-15,2025-07-15,01/15,07/15,48480.1245,0,0,48480.1245
2024-08-31,Marketable,Notes,912828Y79,2.875,2.93,2018-07-31,2025-07-31,01/31,07/31,31629.1126,0,0,31629.1126
2024-08-31,Marketable,Notes,91282CAB7,0.25,0.288,2020-07-31,2025-07-31,01/31,07/31,54568.1181,0,-1980,52588.1181
2024-08-31,Marketable,Notes,91282CHN4,4.75,4.823,2023-07-31,2025-07-31,01/31,07/31,41849.6077,0,-50,41799.6077
2024-08-31,Marketable,Notes,912828K74,2,2.115,2015-08-17,2025-08-15,02/15,08/15,24482.4264,0,0,66479.5188
2024-08-31,Marketable,Notes,912828K74,2,2.235,2015-09-15,2025-08-15,02/15,08/15,21000.0917,0,0,null
2024-08-31,Marketable,Notes,912828K74,2,2.066,2015-10-15,2025-08-15,02/15,08/15,21000.0007,0,-3,null
2024-08-31,Marketable,Notes,91282CFE6,3.125,3.202,2022-08-15,2025-08-15,02/15,08/15,68564.0454,0,0,68564.0454
2024-08-31,Marketable,Notes,9128284Z0,2.75,2.844,2018-08-31,2025-08-31,02/28,08/31,33184.893,0,0,33184.893
2024-08-31,Marketable,Notes,91282CAJ0,0.25,0.298,2020-08-31,2025-08-31,02/28,08/31,55430.9286,0,0,55430.9286
2024-08-31,Marketable,Notes,91282CHV6,5,5.024,2023-08-31,2025-08-31,02/29,08/31,49663.7772,0,-50,49613.7772
2024-08-31,Marketable,Notes,91282CFK2,3.5,3.564,2022-09-15,2025-09-15,03/15,09/15,41000.028,0,0,41000.028
2024-08-31,Marketable,Notes,9128285C0,3,3.034,2018-10-01,2025-09-30,03/31,09/30,31000,0,0,31000
2024-08-31,Marketable,Notes,91282CAM3,0.25,0.275,2020-09-30,2025-09-30,03/31,09/30,60256.0271,0,-54,60202.0271
2024-08-31,Marketable,Notes,91282CJB8,5,5.085,2023-10-02,2025-09-30,03/31,09/30,47996.3396,0,0,47996.3396
2024-08-31,Marketable,Notes,91282CFP1,4.25,4.318,2022-10-17,2025-10-15,04/15,10/15,39997.2765,0,-1,39996.2765
2024-08-31,Marketable,Notes,9128285J5,3,3.074,2018-10-31,2025-10-31,04/30,10/31,30999.9987,0,-5,30994.9987
2024-08-31,Marketable,Notes,91282CAT8,0.25,0.33,2020-11-02,2025-10-31,04/30,10/31,60834.976,0,-805,60029.976
2024-08-31,Marketable,Notes,91282CJE2,5,5.055,2023-10-31,2025-10-31,04/30,10/31,50995.3822,0,0,50995.3822
2024-08-31,Marketable,Notes,912828M56,2.25,2.304,2015-11-16,2025-11-15,05/15,11/15,24122.0698,0,0,66120.8194
2024-08-31,Marketable,Notes,912828M56,2.25,2.233,2015-12-15,2025-11-15,05/15,11/15,21000.1102,0,0,null
2024-08-31,Marketable,Notes,912828M56,2.25,2.09,2016-01-15,2025-11-15,05/15,11/15,20998.6394,0,0,null
2024-08-31,Marketable,Notes,91282CFW6,4.5,4.605,2022-11-15,2025-11-15,05/15,11/15,54026.6375,0,0,54026.6375
2024-08-31,Marketable,Notes,9128285N6,2.875,2.974,2018-11-30,2025-11-30,05/31,11/30,34809.1908,0,-6,34803.1908
2024-08-31,Marketable,Notes,91282CAZ4,0.375,0.397,2020-11-30,2025-11-30,05/31,11/30,64907.5887,0,0,64907.5887
2024-08-31,Marketable,Notes,91282CJL6,4.875,4.887,2023-11-30,2025-11-30,05/31,11/30,54625.5654,0,0,54625.5654
2024-08-31,Marketable,Notes,91282CGA3,4,4.093,2022-12-15,2025-12-15,06/15,12/15,39998.8552,0,0,39998.8552
2024-08-31,Marketable,Notes,9128285T3,2.625,2.68,2018-12-31,2025-12-31,06/30,12/31,32000.157,0,-4,31996.157
2024-08-31,Marketable,Notes,91282CBC4,0.375,0.394,2020-12-31,2025-12-31,06/30,12/31,67976.5429,0,0,67976.5429
2024-08-31,Marketable,Notes,91282CJS1,4.25,4.314,2024-01-02,2025-12-31,06/30,12/31,56996.4086,0,0,56996.4086
2024-08-31,Marketable,Notes,91282CGE5,3.875,3.977,2023-01-17,2026-01-15,07/15,01/15,39998.0822,0,0,39998.0822
2024-08-31,Marketable,Notes,9128286A3,2.625,2.625,2019-01-31,2026-01-31,07/31,01/31,32000.1042,0,0,32000.1042
2024-08-31,Marketable,Notes,91282CBH3,0.375,0.424,2021-02-01,2026-01-31,07/31,01/31,69244.7058,0,0,69244.7058
2024-08-31,Marketable,Notes,91282CJV4,4.25,4.365,2024-01-31,2026-01-31,07/31,01/31,59997.4581,0,0,59997.4581
2024-08-31,Marketable,Notes,912828P46,1.625,1.73,2016-02-16,2026-02-15,08/15,02/15,24805.84,0,0,64940.6599
2024-08-31,Marketable,Notes,912828P46,1.625,1.895,2016-03-15,2026-02-15,08/15,02/15,20000.0618,0,0,null
2024-08-31,Marketable,Notes,912828P46,1.625,1.765,2016-04-15,2026-02-15,08/15,02/15,20140.7581,0,-6,null
2024-08-31,Marketable,Notes,91282CGL9,4,4.073,2023-02-15,2026-02-15,08/15,02/15,55630.5862,0,0,55630.5862
2024-08-31,Marketable,Notes,9128286F2,2.5,2.538,2019-02-28,2026-02-28,08/31,02/29,33540.1011,0,-1,33539.1011
2024-08-31,Marketable,Notes,91282CBQ3,0.5,0.621,2021-03-01,2026-02-28,08/31,02/28,74214.4683,0,-1,74213.4683
2024-08-31,Marketable,Notes,91282CKB6,4.625,4.691,2024-02-29,2026-02-28,08/31,02/28,65724.7575,0,0,65724.7575
2024-08-31,Marketable,Notes,91282CGR6,4.625,4.635,2023-03-15,2026-03-15,09/15,03/15,39999.9487,0,0,39999.9487
2024-08-31,Marketable,Notes,9128286L9,2.25,2.281,2019-04-01,2026-03-31,09/30,03/31,31999.9707,0,0,31999.9707
2024-08-31,Marketable,Notes,91282CBT7,0.75,0.85,2021-03-31,2026-03-31,09/30,03/31,71953.7456,0,0,71953.7456
2024-08-31,Marketable,Notes,91282CKH3,4.5,4.595,2024-04-01,2026-03-31,09/30,03/31,65989.0301,0,0,65989.0301
2024-08-31,Marketable,Notes,91282CGV7,3.75,3.81,2023-04-17,2026-04-15,10/15,04/15,42543.5822,0,-25,42518.5822
2024-08-31,Marketable,Notes,9128286S4,2.375,2.426,2019-04-30,2026-04-30,10/31,04/30,32408.2418,0,-1,32407.2418
2024-08-31,Marketable,Notes,91282CKK6,4.875,4.898,2024-04-30,2026-04-30,10/31,04/30,69309.8907,0,0,69309.8907
2024-08-31,Marketable,Notes,91282CBW0,0.75,0.849,2021-04-30,2026-04-30,10/31,04/30,72649.3797,0,-1,72648.3797
2024-08-31,Marketable,Notes,912828R36,1.625,1.71,2016-05-16,2026-05-15,11/15,05/15,28201.0181,0,0,69495.7591
2024-08-31,Marketable,Notes,912828R36,1.625,1.702,2016-06-15,2026-05-15,11/15,05/15,20000.0406,0,0,null
2024-08-31,Marketable,Notes,912828R36,1.625,1.516,2016-07-15,2026-05-15,11/15,05/15,21302.7004,0,-8,null
2024-08-31,Marketable,Notes,91282CHB0,3.625,3.695,2023-05-15,2026-05-15,11/15,05/15,50887.822,0,-300,50587.822
2024-08-31,Marketable,Notes,9128286X3,2.125,2.144,2019-05-31,2026-05-31,11/30,05/31,35361.5669,0,0,35361.5669
2024-08-31,Marketable,Notes,91282CCF6,0.75,0.788,2021-06-01,2026-05-31,11/30,05/31,72840.141,0,0,72840.141
2024-08-31,Marketable,Notes,91282CKS9,4.875,4.917,2024-05-31,2026-05-31,11/30,05/31,73094.4896,0,0,73094.4896
2024-08-31,Marketable,Notes,91282CHH7,4.125,4.202,2023-06-15,2026-06-15,12/15,06/15,39999.4623,0,0,39999.4623
2024-08-31,Marketable,Notes,9128287B0,1.875,1.889,2019-07-01,2026-06-30,12/31,06/30,33828.1221,0,0,33828.1221
2024-08-31,Marketable,Notes,91282CCJ8,0.875,0.904,2021-06-30,2026-06-30,12/31,06/30,70259.2718,0,0,70259.2718
2024-08-31,Marketable,Notes,91282CKY6,4.625,4.706,2024-07-01,2026-06-30,12/31,06/30,71392.4457,0,0,71392.4457
2024-08-31,Marketable,Notes,91282CHM6,4.5,4.534,2023-07-17,2026-07-15,01/15,07/15,40000.024,0,0,40000.024
2024-08-31,Marketable,Notes,912828Y95,1.875,1.967,2019-07-31,2026-07-31,01/31,07/31,33271.1323,0,-672,32599.1323
2024-08-31,Marketable,Notes,91282CCP4,0.625,0.71,2021-08-02,2026-07-31,01/31,07/31,66841.5919,0,-15,66826.5919
2024-08-31,Marketable,Notes,91282CLB5,4.375,4.434,2024-07-31,2026-07-31,01/31,07/31,72782.8893,0,0,72782.8893
2024-08-31,Marketable,Notes,9128282A7,1.5,1.503,2016-08-15,2026-08-15,02/15,08/15,25355.9764,0,0,65324.2405
2024-08-31,Marketable,Notes,9128282A7,1.5,1.699,2016-09-15,2026-08-15,02/15,08/15,20000.043,0,0,null
2024-08-31,Marketable,Notes,9128282A7,1.5,1.793,2016-10-17,2026-08-15,02/15,08/15,20000.2211,0,-32,null
2024-08-31,Marketable,Notes,91282CHU8,4.375,4.398,2023-08-15,2026-08-15,02/15,08/15,57701.848,0,0,57701.848
2024-08-31,Marketable,Notes,912828YD6,1.375,1.489,2019-09-03,2026-08-31,02/29,08/31,36155.3821,0,0,36155.3821
2024-08-31,Marketable,Notes,91282CCW9,0.75,0.831,2021-08-31,2026-08-31,02/28,08/31,68664.147,0,0,68664.147
2024-08-31,Marketable,Notes,91282CHY0,4.625,4.66,2023-09-15,2026-09-15,03/15,09/15,43999.6988,0,0,43999.6988
2024-08-31,Marketable,Notes,912828YG9,1.625,1.633,2019-09-30,2026-09-30,03/31,09/30,35324.2104,0,0,35324.2104
2024-08-31,Marketable,Notes,91282CCZ2,0.875,0.99,2021-09-30,2026-09-30,03/31,09/30,68346.4253,0,0,68346.4253
2024-08-31,Marketable,Notes,91282CJC6,4.625,4.74,2023-10-16,2026-10-15,04/15,10/15,45999.8115,0,0,45999.8115
2024-08-31,Marketable,Notes,912828YQ7,1.625,1.657,2019-10-31,2026-10-31,04/30,10/31,35345.6666,0,0,35345.6666
2024-08-31,Marketable,Notes,91282CDG3,1.125,1.157,2021-11-01,2026-10-31,04/30,10/31,67201.6911,0,0,67201.6911
2024-08-31,Marketable,Notes,912828U24,2,2.02,2016-11-15,2026-11-15,05/15,11/15,28035.2779,0,0,68952.5749
2024-08-31,Marketable,Notes,912828U24,2,2.485,2016-12-15,2026-11-15,05/15,11/15,20000.0197,0,0,null
2024-08-31,Marketable,Notes,912828U24,2,2.342,2017-01-17,2026-11-15,05/15,11/15,21107.2773,0,-190,null
2024-08-31,Marketable,Notes,91282CJK8,4.625,4.701,2023-11-15,2026-11-15,05/15,11/15,48910.4001,0,0,48910.4001
2024-08-31,Marketable,Notes,912828YU8,1.625,1.719,2019-12-02,2026-11-30,05/31,11/30,34540.4881,0,-424,34116.4881
2024-08-31,Marketable,Notes,91282CDK4,1.25,1.319,2021-11-30,2026-11-30,05/31,11/30,63863.0424,0,0,63863.0424
2024-08-31,Marketable,Notes,91282CJP7,4.375,4.49,2023-12-15,2026-12-15,06/15,12/15,49998.6465,0,0,49998.6465
2024-08-31,Marketable,Notes,912828YX2,1.75,1.835,2019-12-31,2026-12-31,06/30,12/31,35011.7014,0,0,35011.7014
2024-08-31,Marketable,Notes,91282CDQ1,1.25,1.263,2021-12-31,2026-12-31,06/30,12/31,64744.1915,0,0,64744.1915
2024-08-31,Marketable,Notes,91282CJT9,4,4.105,2024-01-16,2027-01-15,07/15,01/15,51997.7476,0,0,51997.7476
2024-08-31,Marketable,Notes,912828Z78,1.5,1.57,2020-01-31,2027-01-31,07/31,01/31,35304.3009,0,0,98524.8406
2024-08-31,Marketable,Notes,912828Z78,1.5,1.533,2022-01-31,2027-01-31,07/31,01/31,63220.5397,0,0,null
2024-08-31,Marketable,Notes,912828V98,2.25,2.333,2017-02-15,2027-02-15,08/15,02/15,25655.7885,0,0,65815.8684
2024-08-31,Marketable,Notes,912828V98,2.25,2.56,2017-03-15,2027-02-15,08/15,02/15,20000.7616,0,0,null
2024-08-31,Marketable,Notes,912828V98,2.25,2.332,2017-04-17,2027-02-15,08/15,02/15,20164.3183,0,-5,null
2024-08-31,Marketable,Notes,91282CKA8,4.125,4.169,2024-02-15,2027-02-15,08/15,02/15,57993.441,0,0,57993.441
2024-08-31,Marketable,Notes,912828ZB9,1.125,1.247,2020-03-02,2027-02-28,08/31,02/28,36836.3239,0,0,36836.3239
2024-08-31,Marketable,Notes,91282CEC1,1.875,1.88,2022-02-28,2027-02-28,08/31,02/28,62079.7848,0,0,62079.7848
2024-08-31,Marketable,Notes,91282CKE0,4.25,4.256,2024-03-15,2027-03-15,09/15,03/15,55999.8667,0,0,55999.8667
2024-08-31,Marketable,Notes,912828ZE3,0.625,0.68,2020-03-31,2027-03-31,09/30,03/31,36302.5047,0,0,36302.5047
2024-08-31,Marketable,Notes,91282CEF4,2.5,2.543,2022-03-31,2027-03-31,09/30,03/31,60494.7113,0,0,60494.7113
2024-08-31,Marketable,Notes,91282CKJ9,4.5,4.548,2024-04-15,2027-04-15,10/15,04/15,58951.2958,0,0,58951.2958
2024-08-31,Marketable,Notes,912828ZN3,0.5,0.525,2020-04-30,2027-04-30,10/31,04/30,38039.5902,0,0,38039.5902
2024-08-31,Marketable,Notes,91282CEN7,2.75,2.785,2022-05-02,2027-04-30,10/31,04/30,55793.8757,0,0,55793.8757
2024-08-31,Marketable,Notes,912828X88,2.375,2.4,2017-05-15,2027-05-15,11/15,05/15,30593.7355,0,0,70378.2206
2024-08-31,Marketable,Notes,912828X88,2.375,2.195,2017-06-15,2027-05-15,11/15,05/15,19999.9223,0,0,null
2024-08-31,Marketable,Notes,912828X88,2.375,2.325,2017-07-17,2027-05-15,11/15,05/15,20456.5628,0,-672,null
2024-08-31,Marketable,Notes,91282CKR1,4.5,4.605,2024-05-15,2027-05-15,11/15,05/15,65289.0435,0,0,65289.0435
2024-08-31,Marketable,Notes,912828ZS2,0.5,0.553,2020-06-01,2027-05-31,11/30,05/31,41989.3545,0,-10,41979.3545
2024-08-31,Marketable,Notes,91282CET4,2.625,2.736,2022-05-31,2027-05-31,11/30,05/31,55215.6122,0,0,55215.6122
2024-08-31,Marketable,Notes,91282CKV2,4.625,4.659,2024-06-17,2027-06-15,12/15,06/15,59875.6033,0,0,59875.6033
2024-08-31,Marketable,Notes,912828ZV5,0.5,0.511,2020-06-30,2027-06-30,12/31,06/30,46607.7319,0,0,46607.7319
2024-08-31,Marketable,Notes,91282CEW7,3.25,3.271,2022-06-30,2027-06-30,12/31,06/30,50592.5718,0,0,50592.5718
2024-08-31,Marketable,Notes,91282CKZ3,4.375,4.399,2024-07-15,2027-07-15,01/15,07/15,67413.2779,0,0,67413.2779
2024-08-31,Marketable,Notes,91282CAD3,0.375,0.446,2020-07-31,2027-07-31,01/31,07/31,49000.1011,0,0,49000.1011
2024-08-31,Marketable,Notes,91282CFB2,2.75,2.86,2022-08-01,2027-07-31,01/31,07/31,49990.6782,0,0,49990.6782
2024-08-31,Marketable,Notes,9128282R0,2.25,2.25,2017-08-15,2027-08-15,02/15,08/15,29920.4635,0,0,69915.3604
2024-08-31,Marketable,Notes,9128282R0,2.25,2.18,2017-09-15,2027-08-15,02/15,08/15,19999.9057,0,0,null
2024-08-31,Marketable,Notes,9128282R0,2.25,2.346,2017-10-16,2027-08-15,02/15,08/15,19999.9912,0,-5,null
2024-08-31,Marketable,Notes,91282CLG4,3.75,3.81,2024-08-15,2027-08-15,02/15,08/15,69029.2792,0,0,69029.2792
2024-08-31,Marketable,Notes,91282CAH4,0.5,0.519,2020-08-31,2027-08-31,02/28,08/31,51083.0757,0,0,51083.0757
2024-08-31,Marketable,Notes,91282CFH9,3.125,3.23,2022-08-31,2027-08-31,02/28,08/31,50857.9032,0,0,50857.9032
2024-08-31,Marketable,Notes,91282CAL5,0.375,0.462,2020-09-30,2027-09-30,03/31,09/30,56845.2943,0,0,56845.2943
2024-08-31,Marketable,Notes,91282CFM8,4.125,4.228,2022-09-30,2027-09-30,03/31,09/30,44000.1154,0,0,44000.1154
2024-08-31,Marketable,Notes,91282CAU5,0.5,0.6,2020-11-02,2027-10-31,04/30,10/31,58622.9768,0,0,58622.9768
2024-08-31,Marketable,Notes,91282CFU0,4.125,4.192,2022-10-31,2027-10-31,04/30,10/31,42999.5559,0,0,42999.5559
2024-08-31,Marketable,Notes,9128283F5,2.25,2.314,2017-11-15,2027-11-15,05/15,11/15,25796.7611,0,0,66474.1106
2024-08-31,Marketable,Notes,9128283F5,2.25,2.384,2017-12-15,2027-11-15,05/15,11/15,19999.9963,0,0,null
2024-08-31,Marketable,Notes,9128283F5,2.25,2.579,2018-01-16,2027-11-15,05/15,11/15,20677.3532,0,0,null
2024-08-31,Marketable,Notes,91282CAY7,0.625,0.653,2020-11-30,2027-11-30,05/31,11/30,63768.8862,0,0,63768.8862
2024-08-31,Marketable,Notes,91282CFZ9,3.875,3.974,2022-11-30,2027-11-30,05/31,11/30,47669.9145,0,0,47669.9145
2024-08-31,Marketable,Notes,91282CBB6,0.625,0.662,2020-12-31,2027-12-31,06/30,12/31,67976.5168,0,0,67976.5168
2024-08-31,Marketable,Notes,91282CGC9,3.875,3.973,2023-01-03,2027-12-31,06/30,12/31,42999.7134,0,0,42999.7134
2024-08-31,Marketable,Notes,91282CBJ9,0.75,0.754,2021-02-01,2028-01-31,07/31,01/31,70379.8497,0,0,70379.8497
2024-08-31,Marketable,Notes,91282CGH8,3.5,3.53,2023-01-31,2028-01-31,07/31,01/31,42989.6949,0,0,42989.6949
2024-08-31,Marketable,Notes,9128283W8,2.75,2.811,2018-02-15,2028-02-15,08/15,02/15,28536.05,0,0,70245.1045
2024-08-31,Marketable,Notes,9128283W8,2.75,2.889,2018-03-15,2028-02-15,08/15,02/15,21000.0038,0,0,null
2024-08-31,Marketable,Notes,9128283W8,2.75,2.795,2018-04-16,2028-02-15,08/15,02/15,21036.0507,0,-327,null
2024-08-31,Marketable,Notes,91282CBP5,1.125,1.195,2021-03-01,2028-02-29,08/31,02/28,75431.1485,0,0,75431.1485
2024-08-31,Marketable,Notes,91282CGP0,4,4.109,2023-02-28,2028-02-29,08/31,02/29,52769.3168,0,0,52769.3168
2024-08-31,Marketable,Notes,91282CBS9,1.25,1.3,2021-03-31,2028-03-31,09/30,03/31,73132.916,0,0,73132.916
2024-08-31,Marketable,Notes,91282CGT2,3.625,3.665,2023-03-31,2028-03-31,09/30,03/31,42999.8097,0,0,42999.8097
2024-08-31,Marketable,Notes,91282CBZ3,1.25,1.306,2021-04-30,2028-04-30,10/31,04/30,73840.2701,0,0,73840.2701
2024-08-31,Marketable,Notes,91282CHA2,3.5,3.5,2023-05-01,2028-04-30,10/31,04/30,47182.5132,0,0,47182.5132
2024-08-31,Marketable,Notes,9128284N7,2.875,2.995,2018-05-15,2028-05-15,11/15,05/15,31026.682,0,0,75107.2308
2024-08-31,Marketable,Notes,9128284N7,2.875,2.962,2018-06-15,2028-05-15,11/15,05/15,22000.0172,0,0,null
2024-08-31,Marketable,Notes,9128284N7,2.875,2.859,2018-07-16,2028-05-15,11/15,05/15,22085.5316,0,-5,null
2024-08-31,Marketable,Notes,91282CCE9,1.25,1.285,2021-06-01,2028-05-31,11/30,05/31,74034.2334,0,0,74034.2334
2024-08-31,Marketable,Notes,91282CHE4,3.625,3.749,2023-05-31,2028-05-31,11/30,05/31,51060.1542,0,0,51060.1542
2024-08-31,Marketable,Notes,91282CCH2,1.25,1.264,2021-06-30,2028-06-30,12/31,06/30,71410.1021,0,0,71410.1021
2024-08-31,Marketable,Notes,91282CHK0,4,4.019,2023-06-30,2028-06-30,12/31,06/30,42999.6645,0,0,42999.6645
2024-08-31,Marketable,Notes,91282CCR0,1,1.05,2021-08-02,2028-07-31,01/31,07/31,67937.6586,0,0,67937.6586
2024-08-31,Marketable,Notes,91282CHQ7,4.125,4.17,2023-07-31,2028-07-31,01/31,07/31,42999.6711,0,0,42999.6711
2024-08-31,Marketable,Notes,9128284V9,2.875,2.96,2018-08-15,2028-08-15,02/15,08/15,29495.4751,0,0,75470.7101
2024-08-31,Marketable,Notes,9128284V9,2.875,2.957,2018-09-17,2028-08-15,02/15,08/15,22999.9659,0,0,null
2024-08-31,Marketable,Notes,9128284V9,2.875,3.225,2018-10-15,2028-08-15,02/15,08/15,23000.2691,0,-25,null
2024-08-31,Marketable,Notes,91282CCV1,1.125,1.155,2021-08-31,2028-08-31,02/28,08/31,69789.8029,0,-6,69783.8029
2024-08-31,Marketable,Notes,91282CHX2,4.375,4.4,2023-08-31,2028-08-31,02/29,08/31,50767.9706,0,0,50767.9706
2024-08-31,Marketable,Notes,91282CCY5,1.25,1.332,2021-09-30,2028-09-30,03/31,09/30,69466.8874,0,0,69466.8874
2024-08-31,Marketable,Notes,91282CJA0,4.625,4.659,2023-10-02,2028-09-30,03/31,09/30,48999.9713,0,0,48999.9713
2024-08-31,Marketable,Notes,91282CDF5,1.375,1.461,2021-11-01,2028-10-31,04/30,10/31,68303.325,0,-113,68190.325
2024-08-31,Marketable,Notes,91282CJF9,4.875,4.899,2023-10-31,2028-10-31,04/30,10/31,51999.3315,0,0,51999.3315
2024-08-31,Marketable,Notes,9128285M8,3.125,3.209,2018-11-15,2028-11-15,05/15,11/15,32506.5792,0,0,80503.8543
2024-08-31,Marketable,Notes,9128285M8,3.125,2.915,2018-12-17,2028-11-15,05/15,11/15,23999.5335,0,0,null
2024-08-31,Marketable,Notes,9128285M8,3.125,2.728,2019-01-15,2028-11-15,05/15,11/15,23999.7416,0,-2,null
2024-08-31,Marketable,Notes,91282CDL2,1.5,1.588,2021-11-30,2028-11-30,05/31,11/30,63863.6206,0,-6,63857.6206
2024-08-31,Marketable,Notes,91282CJN2,4.375,4.42,2023-11-30,2028-11-30,05/31,11/30,55622.0337,0,0,55622.0337
2024-08-31,Marketable,Notes,91282CDP3,1.375,1.48,2021-12-31,2028-12-31,06/30,12/31,63608.1801,0,0,63608.1801
2024-08-31,Marketable,Notes,91282CJR3,3.75,3.801,2024-01-02,2028-12-31,06/30,12/31,57996.2671,0,0,57996.2671
2024-08-31,Marketable,Notes,91282CDW8,1.75,1.769,2022-01-31,2029-01-31,07/31,01/31,60921.6569,0,-4,60917.6569
2024-08-31,Marketable,Notes,91282CJW2,4,4.055,2024-01-31,2029-01-31,07/31,01/31,60999.5914,0,0,60999.5914
2024-08-31,Marketable,Notes,9128286B1,2.625,2.689,2019-02-15,2029-02-15,08/15,02/15,33502.0739,0,0,81505.475
2024-08-31,Marketable,Notes,9128286B1,2.625,2.615,2019-03-15,2029-02-15,08/15,02/15,24000.0332,0,0,null
2024-08-31,Marketable,Notes,9128286B1,2.625,2.466,2019-04-15,2029-02-15,08/15,02/15,24003.3679,0,0,null
2024-08-31,Marketable,Notes,91282CEB3,1.875,1.905,2022-02-28,2029-02-28,08/31,02/28,58565.8318,0,-20,58545.8318
2024-08-31,Marketable,Notes,91282CKD2,4.25,4.32,2024-02-29,2029-02-28,08/31,02/28,66769.3251,0,0,66769.3251
2024-08-31,Marketable,Notes,91282CEE7,2.375,2.499,2022-03-31,2029-03-31,09/30,03/31,55749.7207,0,-75,55674.7207
2024-08-31,Marketable,Notes,91282CKG5,4.125,4.235,2024-04-01,2029-03-31,09/30,03/31,66999.7216,0,0,66999.7216
2024-08-31,Marketable,Notes,91282CEM9,2.875,2.908,2022-05-02,2029-04-30,10/31,04/30,50100.2335,0,-200,49900.2335
2024-08-31,Marketable,Notes,91282CKP5,4.625,4.659,2024-04-30,2029-04-30,10/31,04/30,70332.3058,0,0,70332.3058
2024-08-31,Marketable,Notes,9128286T2,2.375,2.479,2019-05-15,2029-05-15,11/15,05/15,36197.7175,0,0,84377.0589
2024-08-31,Marketable,Notes,9128286T2,2.375,2.13,2019-06-17,2029-05-15,11/15,05/15,24000.0006,0,0,null
2024-08-31,Marketable,Notes,9128286T2,2.375,2.065,2019-06-26,2029-05-15,11/15,05/15,25.0004,0,0,null
2024-08-31,Marketable,Notes,9128286T2,2.375,2.064,2019-07-15,2029-05-15,11/15,05/15,24204.3404,0,-50,null
2024-08-31,Marketable,Notes,91282CES6,2.75,2.777,2022-05-31,2029-05-31,11/30,05/31,48314.1243,0,0,48314.1243
2024-08-31,Marketable,Notes,91282CKT7,4.5,4.553,2024-05-31,2029-05-31,11/30,05/31,74155.7385,0,0,74155.7385
2024-08-31,Marketable,Notes,91282CEV9,3.25,3.28,2022-06-30,2029-06-30,12/31,06/30,43057.1464,0,-83,42974.1464
2024-08-31,Marketable,Notes,91282CKX8,4.25,4.331,2024-07-01,2029-06-30,12/31,06/30,72436.7849,0,0,72436.7849
2024-08-31,Marketable,Notes,91282CFC0,2.625,2.73,2022-08-01,2029-07-31,01/31,07/31,41296.9639,0,-191,41105.9639
2024-08-31,Marketable,Notes,91282CLC3,4,4.121,2024-07-31,2029-07-31,01/31,07/31,73858.6093,0,0,73858.6093
2024-08-31,Marketable,Notes,912828YB0,1.625,1.67,2019-08-15,2029-08-15,02/15,08/15,44618.5812,0,0,92618.67
2024-08-31,Marketable,Notes,912828YB0,1.625,1.739,2019-09-16,2029-08-15,02/15,08/15,24000.0403,0,0,null
2024-08-31,Marketable,Notes,912828YB0,1.625,1.59,2019-10-15,2029-08-15,02/15,08/15,24000.0485,0,0,null
2024-08-31,Marketable,Notes,91282CFJ5,3.125,3.13,2022-08-31,2029-08-31,02/28,08/31,41817.502,0,-39,41778.502
2024-08-31,Marketable,Notes,91282CFL0,3.875,3.898,2022-09-30,2029-09-30,03/31,09/30,36001.998,0,-117,35884.998
2024-08-31,Marketable,Notes,91282CFT3,4,4.027,2022-10-31,2029-10-31,04/30,10/31,35000.0228,0,0,35000.0228
2024-08-31,Marketable,Notes,912828YS3,1.75,1.809,2019-11-15,2029-11-15,05/15,11/15,39784.5457,0,0,88552.5072
2024-08-31,Marketable,Notes,912828YS3,1.75,1.842,2019-12-16,2029-11-15,05/15,11/15,24000.0112,0,0,null
2024-08-31,Marketable,Notes,912828YS3,1.75,1.869,2020-01-15,2029-11-15,05/15,11/15,24767.9503,0,0,null
2024-08-31,Marketable,Notes,91282CFY2,3.875,3.89,2022-11-30,2029-11-30,05/31,11/30,38805.4113,0,-60,38745.4113
2024-08-31,Marketable,Notes,91282CGB1,3.875,3.921,2023-01-03,2029-12-31,06/30,12/31,34999.9553,0,0,34999.9553
2024-08-31,Marketable,Notes,91282CGJ4,3.5,3.517,2023-01-31,2030-01-31,07/31,01/31,34999.566,0,0,34999.566
2024-08-31,Marketable,Notes,912828Z94,1.5,1.622,2020-02-18,2030-02-15,08/15,02/15,39007.7122,0,0,88005.5957
2024-08-31,Marketable,Notes,912828Z94,1.5,0.849,2020-03-16,2030-02-15,08/15,02/15,24022.5969,0,0,null
2024-08-31,Marketable,Notes,912828Z94,1.5,0.782,2020-04-15,2030-02-15,08/15,02/15,25082.2866,0,-107,null
2024-08-31,Marketable,Notes,91282CGQ8,4,4.062,2023-02-28,2030-02-28,08/31,02/29,42952.3735,0,0,42952.3735
2024-08-31,Marketable,Notes,91282CGS4,3.625,3.626,2023-03-31,2030-03-31,09/30,03/31,34999.9105,0,-100,34899.9105
2024-08-31,Marketable,Notes,91282CGZ8,3.5,3.563,2023-05-01,2030-04-30,10/31,04/30,38406.0889,0,-175,38231.0889
2024-08-31,Marketable,Notes,912828ZQ6,0.625,0.7,2020-05-15,2030-05-15,11/15,05/15,48923.195,0,0,109879.7215
2024-08-31,Marketable,Notes,912828ZQ6,0.625,0.832,2020-06-15,2030-05-15,11/15,05/15,29412.3192,0,0,null
2024-08-31,Marketable,Notes,912828ZQ6,0.625,0.653,2020-07-15,2030-05-15,11/15,05/15,31544.2073,0,0,null
2024-08-31,Marketable,Notes,91282CHF1,3.75,3.827,2023-05-31,2030-05-31,11/30,05/31,41562.9514,0,-150,41412.9514
2024-08-31,Marketable,Notes,91282CHJ3,3.75,3.839,2023-06-30,2030-06-30,12/31,06/30,35000.1219,0,-36,34964.1219
2024-08-31,Marketable,Notes,91282CHR5,4,4.087,2023-07-31,2030-07-31,01/31,07/31,34990.3086,0,-100,34890.3086
2024-08-31,Marketable,Notes,91282CAE1,0.625,0.677,2020-08-17,2030-08-15,02/15,08/15,60600.628,0,0,132833.6532
2024-08-31,Marketable,Notes,91282CAE1,0.625,0.704,2020-09-15,2030-08-15,02/15,08/15,36438.9174,0,0,null
2024-08-31,Marketable,Notes,91282CAE1,0.625,0.765,2020-10-15,2030-08-15,02/15,08/15,35979.1078,0,-185,null
2024-08-31,Marketable,Notes,91282CHW4,4.125,4.212,2023-08-31,2030-08-31,02/29,08/31,39737.4345,0,0,39737.4345
2024-08-31,Marketable,Notes,91282CHZ7,4.625,4.673,2023-10-02,2030-09-30,03/31,09/30,36999.9038,0,0,36999.9038
2024-08-31,Marketable,Notes,91282CJG7,4.875,4.908,2023-10-31,2030-10-31,04/30,10/31,38000.1286,0,-45,37955.1286
2024-08-31,Marketable,Notes,91282CAV3,0.875,0.96,2020-11-16,2030-11-15,05/15,11/15,52242.272,0,0,133680.8207
2024-08-31,Marketable,Notes,91282CAV3,0.875,0.951,2020-12-15,2030-11-15,05/15,11/15,39618.5582,0,0,null
2024-08-31,Marketable,Notes,91282CAV3,0.875,1.164,2021-01-15,2030-11-15,05/15,11/15,41819.9905,0,0,null
2024-08-31,Marketable,Notes,91282CJM4,4.375,4.399,2023-11-30,2030-11-30,05/31,11/30,39458.6963,0,0,39458.6963
2024-08-31,Marketable,Notes,91282CJQ5,3.75,3.859,2024-01-02,2030-12-31,06/30,12/31,39999.8979,0,0,39999.8979
2024-08-31,Marketable,Notes,91282CJX0,4,4.109,2024-01-31,2031-01-31,07/31,01/31,40999.8752,0,0,40999.8752
2024-08-31,Marketable,Notes,91282CBL4,1.125,1.155,2021-02-16,2031-02-15,08/15,02/15,55873.9708,0,0,140062.6147
2024-08-31,Marketable,Notes,91282CBL4,1.125,1.523,2021-03-15,2031-02-15,08/15,02/15,40355.0173,0,0,null
2024-08-31,Marketable,Notes,91282CBL4,1.125,1.68,2021-04-15,2031-02-15,08/15,02/15,43833.6266,0,0,null
2024-08-31,Marketable,Notes,91282CKC4,4.25,4.327,2024-02-29,2031-02-28,08/31,02/28,43816.9378,0,0,43816.9378
2024-08-31,Marketable,Notes,91282CKF7,4.125,4.185,2024-04-01,2031-03-31,09/30,03/31,42999.9146,0,0,42999.9146
2024-08-31,Marketable,Notes,91282CKN0,4.625,4.716,2024-04-30,2031-04-30,10/31,04/30,44209.7454,0,0,44209.7454
2024-08-31,Marketable,Notes,91282CCB5,1.625,1.684,2021-05-17,2031-05-15,11/15,05/15,62752.7687,0,0,148024.7151
2024-08-31,Marketable,Notes,91282CCB5,1.625,1.497,2021-06-15,2031-05-15,11/15,05/15,41493.4388,0,0,null
2024-08-31,Marketable,Notes,91282CCB5,1.625,1.371,2021-07-15,2031-05-15,11/15,05/15,44254.5076,0,-476,null
2024-08-31,Marketable,Notes,91282CKU4,4.625,4.65,2024-05-31,2031-05-31,11/30,05/31,46609.8325,0,0,46609.8325
2024-08-31,Marketable,Notes,91282CKW0,4.25,4.276,2024-07-01,2031-06-30,12/31,06/30,45531.2964,0,0,45531.2964
2024-08-31,Marketable,Notes,91282CLD1,4.125,4.162,2024-07-31,2031-07-31,01/31,07/31,46425.9851,0,0,46425.9851
2024-08-31,Marketable,Notes,91282CCS8,1.25,1.34,2021-08-16,2031-08-15,02/15,08/15,59291.8637,0,0,142197.4572
2024-08-31,Marketable,Notes,91282CCS8,1.25,1.338,2021-09-15,2031-08-15,02/15,08/15,42046.3696,0,0,null
2024-08-31,Marketable,Notes,91282CCS8,1.25,1.584,2021-10-15,2031-08-15,02/15,08/15,40859.2239,0,0,null
2024-08-31,Marketable,Notes,91282CDJ7,1.375,1.444,2021-11-15,2031-11-15,05/15,11/15,61559.6748,0,0,144644.2759
2024-08-31,Marketable,Notes,91282CDJ7,1.375,1.518,2021-12-15,2031-11-15,05/15,11/15,41308.4412,0,0,null
2024-08-31,Marketable,Notes,91282CDJ7,1.375,1.723,2022-01-18,2031-11-15,05/15,11/15,41776.1599,0,0,null
2024-08-31,Marketable,Notes,91282CDY4,1.875,1.904,2022-02-15,2032-02-15,08/15,02/15,59383.3893,0,0,141206.7051
2024-08-31,Marketable,Notes,91282CDY4,1.875,1.92,2022-03-15,2032-02-15,08/15,02/15,39712.6376,0,0,null
2024-08-31,Marketable,Notes,91282CDY4,1.875,2.72,2022-04-18,2032-02-15,08/15,02/15,42110.6782,0,0,null
2024-08-31,Marketable,Notes,91282CEP2,2.875,2.943,2022-05-16,2032-05-15,11/15,05/15,61194.0544,0,0,133340.6339
2024-08-31,Marketable,Notes,91282CEP2,2.875,3.03,2022-06-15,2032-05-15,11/15,05/15,34940.4697,0,0,null
2024-08-31,Marketable,Notes,91282CEP2,2.875,2.96,2022-07-15,2032-05-15,11/15,05/15,37206.1098,0,0,null
2024-08-31,Marketable,Notes,91282CFF3,2.75,2.755,2022-08-15,2032-08-15,02/15,08/15,57136.8754,0,0,121137.2032
2024-08-31,Marketable,Notes,91282CFF3,2.75,3.33,2022-09-15,2032-08-15,02/15,08/15,32000.0093,0,0,null
2024-08-31,Marketable,Notes,91282CFF3,2.75,3.93,2022-10-17,2032-08-15,02/15,08/15,32000.3185,0,0,null
2024-08-31,Marketable,Notes,91282CFV8,4.125,4.14,2022-11-15,2032-11-15,05/15,11/15,47267.1045,0,0,111255.1404
2024-08-31,Marketable,Notes,91282CFV8,4.125,3.625,2022-12-15,2032-11-15,05/15,11/15,31989.2788,0,0,null
2024-08-31,Marketable,Notes,91282CFV8,4.125,3.575,2023-01-17,2032-11-15,05/15,11/15,31998.7571,0,0,null
2024-08-31,Marketable,Notes,91282CGM7,3.5,3.613,2023-02-15,2033-02-15,08/15,02/15,48667.2178,0,0,114700.8474
2024-08-31,Marketable,Notes,91282CGM7,3.5,3.985,2023-03-15,2033-02-15,08/15,02/15,32000.1761,0,0,null
2024-08-31,Marketable,Notes,91282CGM7,3.5,3.455,2023-04-17,2033-02-15,08/15,02/15,34033.4535,0,0,null
2024-08-31,Marketable,Notes,91282CHC8,3.375,3.448,2023-05-15,2033-05-15,11/15,05/15,44525.0633,0,0,108514.7781
2024-08-31,Marketable,Notes,91282CHC8,3.375,3.791,2023-06-15,2033-05-15,11/15,05/15,31999.4961,0,0,null
2024-08-31,Marketable,Notes,91282CHC8,3.375,3.857,2023-07-17,2033-05-15,11/15,05/15,31990.2187,0,0,null
2024-08-31,Marketable,Notes,91282CHT1,3.875,3.999,2023-08-15,2033-08-15,02/15,08/15,52175.9445,0,0,122174.7988
2024-08-31,Marketable,Notes,91282CHT1,3.875,4.289,2023-09-15,2033-08-15,02/15,08/15,34999.113,0,0,null
2024-08-31,Marketable,Notes,91282CHT1,3.875,4.61,2023-10-16,2033-08-15,02/15,08/15,34999.7413,0,0,null
2024-08-31,Marketable,Notes,91282CJJ1,4.5,4.519,2023-11-15,2033-11-15,05/15,11/15,40758.5387,0,0,114743.2959
2024-08-31,Marketable,Notes,91282CJJ1,4.5,4.296,2023-12-15,2033-11-15,05/15,11/15,36987.8484,0,0,null
2024-08-31,Marketable,Notes,91282CJJ1,4.5,4.024,2024-01-16,2033-11-15,05/15,11/15,36996.9088,0,0,null
2024-08-31,Marketable,Notes,91282CJZ5,4,4.093,2024-02-15,2034-02-15,08/15,02/15,45103.927,0,0,123746.8823
2024-08-31,Marketable,Notes,91282CJZ5,4,4.166,2024-03-15,2034-02-15,08/15,02/15,38999.8558,0,0,null
2024-08-31,Marketable,Notes,91282CJZ5,4,4.56,2024-04-15,2034-02-15,08/15,02/15,39643.0995,0,0,null
2024-08-31,Marketable,Notes,91282CKQ3,4.375,4.483,2024-05-15,2034-05-15,11/15,05/15,47281.2059,0,0,132877.968
2024-08-31,Marketable,Notes,91282CKQ3,4.375,4.438,2024-06-17,2034-05-15,11/15,05/15,40260.9085,0,0,null
2024-08-31,Marketable,Notes,91282CKQ3,4.375,4.276,2024-07-15,2034-05-15,11/15,05/15,45335.8536,0,0,null
2024-08-31,Marketable,Notes,91282CLF6,3.875,3.96,2024-08-15,2034-08-15,02/15,08/15,49987.0164,0,0,49987.0164
2024-08-31,Marketable,Bonds,912810ES3,7.5,7.5583,1994-08-15,2024-11-15,11/15,05/15,11469.662,0,-1865.5,9604.162
2024-08-31,Marketable,Bonds,912810ET1,7.625,7.6532,1995-02-15,2025-02-15,08/15,02/15,11725.17,0,-2216,9509.17
2024-08-31,Marketable,Bonds,912810EV6,6.875,6.9062,1995-08-15,2025-08-15,02/15,08/15,12602.007,0,-1414.8,11187.207
2024-08-31,Marketable,Bonds,912810EW4,6,6.1187,1996-02-15,2026-02-15,08/15,02/15,12904.916,0,-67,12837.916
2024-08-31,Marketable,Bonds,912810EX2,6.75,6.7683,1996-08-15,2026-08-15,02/15,08/15,10893.818,0,-2083.4,8810.418
2024-08-31,Marketable,Bonds,912810EY0,6.5,6.6193,1996-11-15,2026-11-15,05/15,11/15,11493.177,0,-633,10860.177
2024-08-31,Marketable,Bonds,912810EZ7,6.625,6.6397,1997-02-18,2027-02-15,08/15,02/15,10456.071,0,-934.1,9521.971
2024-08-31,Marketable,Bonds,912810FA1,6.375,6.4452,1997-08-15,2027-08-15,02/15,08/15,10735.756,0,-1539,9196.756
2024-08-31,Marketable,Bonds,912810FB9,6.125,6.2014,1997-11-17,2027-11-15,05/15,11/15,11184.353,0,-497.2,22021.339
2024-08-31,Marketable,Bonds,912810FB9,6.125,5.8221,1998-02-17,2027-11-15,05/15,11/15,11334.186,0,0,null
2024-08-31,Marketable,Bonds,912810FE3,5.5,5.5904,1998-08-17,2028-08-15,02/15,08/15,11776.201,0,0,11776.201
2024-08-31,Marketable,Bonds,912810FF0,5.25,5.3,1998-11-16,2028-11-15,05/15,11/15,10947.052,0,0,10947.052
2024-08-31,Marketable,Bonds,912810FG8,5.25,5.298,1999-02-16,2029-02-15,08/15,02/15,11350.341,0,0,11350.341
2024-08-31,Marketable,Bonds,912810FJ2,6.125,6.144,1999-08-16,2029-08-15,02/15,08/15,11178.58,0,0,11178.58
2024-08-31,Marketable,Bonds,912810FM5,6.25,6.34,2000-02-15,2030-05-15,05/15,11/15,11269.069,0,0,17043.162
2024-08-31,Marketable,Bonds,912810FM5,6.25,5.697,2000-08-15,2030-05-15,05/15,11/15,5774.093,0,0,null
2024-08-31,Marketable,Bonds,912810FP8,5.375,5.46,2001-02-15,2031-02-15,08/15,02/15,10886.993,0,0,16427.648
2024-08-31,Marketable,Bonds,912810FP8,5.375,5.52,2001-08-15,2031-02-15,08/15,02/15,5540.655,0,0,null
2024-08-31,Marketable,Bonds,912810FT0,4.5,4.53,2006-02-15,2036-02-15,08/15,02/15,14841.15,0,0,26397.13
2024-08-31,Marketable,Bonds,912810FT0,4.5,5.08,2006-08-15,2036-02-15,08/15,02/15,11555.98,0,0,null
2024-08-31,Marketable,Bonds,912810PT9,4.75,4.812,2007-02-15,2037-02-15,08/15,02/15,9825.586,0,0,16589.456
2024-08-31,Marketable,Bonds,912810PT9,4.75,4.838,2007-05-15,2037-02-15,08/15,02/15,6763.87,0,0,null
2024-08-31,Marketable,Bonds,912810PU6,5,5.059,2007-08-15,2037-05-15,11/15,05/15,13846.152,0,0,21413.045
2024-08-31,Marketable,Bonds,912810PU6,5,4.666,2007-11-15,2037-05-15,11/15,05/15,7566.893,0,0,null
2024-08-31,Marketable,Bonds,912810PW2,4.375,4.449,2008-02-15,2038-02-15,08/15,02/15,13294.377,0,0,22525.1487
2024-08-31,Marketable,Bonds,912810PW2,4.375,4.599,2008-05-15,2038-02-15,08/15,02/15,9230.7717,0,0,null
2024-08-31,Marketable,Bonds,912810PX0,4.5,4.609,2008-08-15,2038-05-15,11/15,05/15,13728.111,0,0,25500.1228
2024-08-31,Marketable,Bonds,912810PX0,4.5,4.31,2008-11-17,2038-05-15,11/15,05/15,11772.0118,0,0,null
2024-08-31,Marketable,Bonds,912810QA9,3.5,3.54,2009-02-17,2039-02-15,08/15,02/15,14712.903,0,0,25908.5693
2024-08-31,Marketable,Bonds,912810QA9,3.5,3.64,2009-03-16,2039-02-15,08/15,02/15,11195.6663,0,0,null
2024-08-31,Marketable,Bonds,912810QB7,4.25,4.288,2009-05-15,2039-05-15,11/15,05/15,16476.5417,0,0,38778.773
2024-08-31,Marketable,Bonds,912810QB7,4.25,4.72,2009-06-15,2039-05-15,11/15,05/15,11116.2765,0,0,null
2024-08-31,Marketable,Bonds,912810QB7,4.25,4.303,2009-07-15,2039-05-15,11/15,05/15,11185.9548,0,0,null
2024-08-31,Marketable,Bonds,912810QC5,4.5,4.541,2009-08-17,2039-08-15,02/15,08/15,17317.0373,0,0,41430.5382
2024-08-31,Marketable,Bonds,912810QC5,4.5,4.238,2009-09-15,2039-08-15,02/15,08/15,12025.4266,0,0,null
2024-08-31,Marketable,Bonds,912810QC5,4.5,4.009,2009-10-15,2039-08-15,02/15,08/15,12088.0743,0,0,null
2024-08-31,Marketable,Bonds,912810QD3,4.375,4.469,2009-11-16,2039-11-15,05/15,11/15,17989.3001,0,0,44564.2491
2024-08-31,Marketable,Bonds,912810QD3,4.375,4.52,2009-12-15,2039-11-15,05/15,11/15,13069.9495,0,0,null
2024-08-31,Marketable,Bonds,912810QD3,4.375,4.64,2010-01-15,2039-11-15,05/15,11/15,13504.9995,0,0,null
2024-08-31,Marketable,Bonds,912810QE1,4.625,4.72,2010-02-16,2040-02-15,08/15,02/15,17796.6808,0,0,44902.4903
2024-08-31,Marketable,Bonds,912810QE1,4.625,4.679,2010-03-15,2040-02-15,08/15,02/15,13154.1481,0,0,null
2024-08-31,Marketable,Bonds,912810QE1,4.625,4.77,2010-04-15,2040-02-15,08/15,02/15,13951.6614,0,0,null
2024-08-31,Marketable,Bonds,912810QH4,4.375,4.49,2010-05-17,2040-05-15,11/15,05/15,17394.3627,0,0,43473.0444
2024-08-31,Marketable,Bonds,912810QH4,4.375,4.182,2010-06-15,2040-05-15,11/15,05/15,13074.9781,0,0,null
2024-08-31,Marketable,Bonds,912810QH4,4.375,4.08,2010-07-15,2040-05-15,11/15,05/15,13003.7036,0,0,null
2024-08-31,Marketable,Bonds,912810SR0,1.125,1.22,2020-06-01,2040-05-15,11/15,05/15,22099.6866,0,0,60091.6391
2024-08-31,Marketable,Bonds,912810SR0,1.125,1.314,2020-06-30,2040-05-15,11/15,05/15,19325.0903,0,0,null
2024-08-31,Marketable,Bonds,912810SR0,1.125,1.059,2020-07-31,2040-05-15,11/15,05/15,18931.8622,0,-265,null
2024-08-31,Marketable,Bonds,912810QK7,3.875,3.954,2010-08-16,2040-08-15,02/15,08/15,16958.1849,0,0,43213.3168
2024-08-31,Marketable,Bonds,912810QK7,3.875,3.82,2010-09-15,2040-08-15,02/15,08/15,13140.6836,0,0,null
2024-08-31,Marketable,Bonds,912810QK7,3.875,3.852,2010-10-15,2040-08-15,02/15,08/15,13114.4483,0,0,null
2024-08-31,Marketable,Bonds,912810SQ2,1.125,1.185,2020-08-31,2040-08-15,02/15,08/15,27171.8514,0,0,76183.7494
2024-08-31,Marketable,Bonds,912810SQ2,1.125,1.213,2020-09-30,2040-08-15,02/15,08/15,25011.8285,0,0,null
2024-08-31,Marketable,Bonds,912810SQ2,1.125,1.37,2020-11-02,2040-08-15,02/15,08/15,24334.0695,0,-334,null
2024-08-31,Marketable,Bonds,912810QL5,4.25,4.32,2010-11-15,2040-11-15,05/15,11/15,16429.1341,0,0,42903.1887
2024-08-31,Marketable,Bonds,912810QL5,4.25,4.41,2010-12-15,2040-11-15,05/15,11/15,13189.1358,0,0,null
2024-08-31,Marketable,Bonds,912810QL5,4.25,4.515,2011-01-18,2040-11-15,05/15,11/15,13284.9188,0,0,null
2024-08-31,Marketable,Bonds,912810ST6,1.375,1.422,2020-11-30,2040-11-15,05/15,11/15,30745.6257,0,0,85507.9695
2024-08-31,Marketable,Bonds,912810ST6,1.375,1.47,2020-12-31,2040-11-15,05/15,11/15,27651.533,0,0,null
2024-08-31,Marketable,Bonds,912810ST6,1.375,1.657,2021-02-01,2040-11-15,05/15,11/15,27243.8108,0,-133,null
2024-08-31,Marketable,Bonds,912810QN1,4.75,4.75,2011-02-15,2041-02-15,08/15,02/15,16366.1608,0,0,43004.9451
2024-08-31,Marketable,Bonds,912810QN1,4.75,4.569,2011-03-15,2041-02-15,08/15,02/15,12998.8176,0,0,null
2024-08-31,Marketable,Bonds,912810QN1,4.75,4.531,2011-04-15,2041-02-15,08/15,02/15,13639.9667,0,0,null
2024-08-31,Marketable,Bonds,912810SW9,1.875,1.92,2021-03-01,2041-02-15,08/15,02/15,32849.0387,0,0,89602.0878
2024-08-31,Marketable,Bonds,912810SW9,1.875,2.29,2021-03-31,2041-02-15,08/15,02/15,28309.705,0,0,null
2024-08-31,Marketable,Bonds,912810SW9,1.875,2.144,2021-04-30,2041-02-15,08/15,02/15,28583.3441,0,-140,null
2024-08-31,Marketable,Bonds,912810QQ4,4.375,4.38,2011-05-16,2041-05-15,11/15,05/15,16000.0039,0,0,41995.5073
2024-08-31,Marketable,Bonds,912810QQ4,4.375,4.238,2011-06-15,2041-05-15,11/15,05/15,12995.5056,0,0,null
2024-08-31,Marketable,Bonds,912810QQ4,4.375,4.198,2011-07-15,2041-05-15,11/15,05/15,12999.9978,0,0,null
2024-08-31,Marketable,Bonds,912810SY5,2.25,2.286,2021-06-01,2041-05-15,11/15,05/15,32240.4836,0,0,85051.8406
2024-08-31,Marketable,Bonds,912810SY5,2.25,2.12,2021-06-30,2041-05-15,11/15,05/15,27643.0298,0,0,null
2024-08-31,Marketable,Bonds,912810SY5,2.25,1.89,2021-08-02,2041-05-15,11/15,05/15,26298.3272,0,-1130,null
2024-08-31,Marketable,Bonds,912810QS0,3.75,3.75,2011-08-15,2041-08-15,02/15,08/15,16489.8004,0,0,42488.8374
2024-08-31,Marketable,Bonds,912810QS0,3.75,3.31,2011-09-15,2041-08-15,02/15,08/15,12999.1178,0,0,null
2024-08-31,Marketable,Bonds,912810QS0,3.75,3.12,2011-10-17,2041-08-15,02/15,08/15,12999.9192,0,0,null
2024-08-31,Marketable,Bonds,912810TA6,1.75,1.85,2021-08-31,2041-08-15,02/15,08/15,30392.3486,0,0,83428.7416
2024-08-31,Marketable,Bonds,912810TA6,1.75,1.795,2021-09-30,2041-08-15,02/15,08/15,26889.9079,0,0,null
2024-08-31,Marketable,Bonds,912810TA6,1.75,2.1,2021-11-01,2041-08-15,02/15,08/15,26440.4851,0,-294,null
2024-08-31,Marketable,Bonds,912810QT8,3.125,3.199,2011-11-15,2041-11-15,05/15,11/15,17224.2705,0,0,44622.4439
2024-08-31,Marketable,Bonds,912810QT8,3.125,2.925,2011-12-15,2041-11-15,05/15,11/15,13475.7731,0,0,null
2024-08-31,Marketable,Bonds,912810QT8,3.125,2.985,2012-01-17,2041-11-15,05/15,11/15,13922.4003,0,0,null
2024-08-31,Marketable,Bonds,912810TC2,2,2.065,2021-11-30,2041-11-15,05/15,11/15,24895.2035,0,0,70329.6658
2024-08-31,Marketable,Bonds,912810TC2,2,1.872,2021-12-06,2041-11-15,05/15,11/15,25.0001,0,0,null
2024-08-31,Marketable,Bonds,912810TC2,2,1.942,2021-12-31,2041-11-15,05/15,11/15,22717.2465,0,0,null
2024-08-31,Marketable,Bonds,912810TC2,2,2.21,2022-01-31,2041-11-15,05/15,11/15,22988.2157,0,-296,null
2024-08-31,Marketable,Bonds,912810QU5,3.125,3.24,2012-02-15,2042-02-15,08/15,02/15,17950.9148,0,0,47219.0442
2024-08-31,Marketable,Bonds,912810QU5,3.125,3.383,2012-03-15,2042-02-15,08/15,02/15,13902.6631,0,0,null
2024-08-31,Marketable,Bonds,912810QU5,3.125,3.23,2012-04-16,2042-02-15,08/15,02/15,15365.4663,0,0,null
2024-08-31,Marketable,Bonds,912810TF5,2.375,2.396,2022-02-28,2042-02-15,08/15,02/15,22252.0759,0,0,58795.3664
2024-08-31,Marketable,Bonds,912810TF5,2.375,2.651,2022-03-31,2042-02-15,08/15,02/15,18975.4948,0,0,null
2024-08-31,Marketable,Bonds,912810TF5,2.375,3.095,2022-05-02,2042-02-15,08/15,02/15,18212.7957,0,-645,null
2024-08-31,Marketable,Bonds,912810QW1,3,3.09,2012-05-15,2042-05-15,11/15,05/15,17001.0186,0,0,43918.6856
2024-08-31,Marketable,Bonds,912810QW1,3,2.72,2012-06-15,2042-05-15,11/15,05/15,13917.7567,0,0,null
2024-08-31,Marketable,Bonds,912810QW1,3,2.58,2012-07-16,2042-05-15,11/15,05/15,12999.9103,0,0,null
2024-08-31,Marketable,Bonds,912810TH1,3.25,3.29,2022-05-31,2042-05-15,11/15,05/15,19555.7451,0,0,49324.8382
2024-08-31,Marketable,Bonds,912810TH1,3.25,3.488,2022-06-30,2042-05-15,11/15,05/15,15070.4468,0,0,null
2024-08-31,Marketable,Bonds,912810TH1,3.25,3.42,2022-08-01,2042-05-15,11/15,05/15,15209.6463,0,-511,null
2024-08-31,Marketable,Bonds,912810QX9,2.75,2.825,2012-08-15,2042-08-15,02/15,08/15,16000.2196,0,0,41995.4323
2024-08-31,Marketable,Bonds,912810QX9,2.75,2.896,2012-09-17,2042-08-15,02/15,08/15,12995.1937,0,0,null
2024-08-31,Marketable,Bonds,912810QX9,2.75,2.904,2012-10-15,2042-08-15,02/15,08/15,13000.019,0,0,null
2024-08-31,Marketable,Bonds,912810TK4,3.375,3.38,2022-08-31,2042-08-15,02/15,08/15,16951.7991,0,0,40693.8734
2024-08-31,Marketable,Bonds,912810TK4,3.375,3.82,2022-09-30,2042-08-15,02/15,08/15,11999.5947,0,0,null
2024-08-31,Marketable,Bonds,912810TK4,3.375,4.395,2022-10-31,2042-08-15,02/15,08/15,11988.4796,0,-246,null
2024-08-31,Marketable,Bonds,912810QY7,2.75,2.82,2012-11-15,2042-11-15,05/15,11/15,15995.0058,0,0,41994.0093
2024-08-31,Marketable,Bonds,912810QY7,2.75,2.917,2012-12-17,2042-11-15,05/15,11/15,12999.0028,0,0,null
2024-08-31,Marketable,Bonds,912810QY7,2.75,3.07,2013-01-15,2042-11-15,05/15,11/15,13000.0007,0,0,null
2024-08-31,Marketable,Bonds,912810TM0,4,4.072,2022-11-30,2042-11-15,05/15,11/15,16617.352,0,0,40605.2837
2024-08-31,Marketable,Bonds,912810TM0,4,3.935,2023-01-03,2042-11-15,05/15,11/15,11988.0811,0,0,null
2024-08-31,Marketable,Bonds,912810TM0,4,3.678,2023-01-31,2042-11-15,05/15,11/15,11999.8506,0,0,null
2024-08-31,Marketable,Bonds,912810QZ4,3.125,3.18,2013-02-15,2043-02-15,08/15,02/15,15999.8365,0,0,41999.7585
2024-08-31,Marketable,Bonds,912810QZ4,3.125,3.248,2013-03-15,2043-02-15,08/15,02/15,13000.0354,0,0,null
2024-08-31,Marketable,Bonds,912810QZ4,3.125,2.998,2013-04-15,2043-02-15,08/15,02/15,12999.8866,0,0,null
2024-08-31,Marketable,Bonds,912810TQ1,3.875,3.977,2023-02-28,2043-02-15,08/15,02/15,18408.0483,0,0,43560.0195
2024-08-31,Marketable,Bonds,912810TQ1,3.875,3.909,2023-03-31,2043-02-15,08/15,02/15,11990.6048,0,0,null
2024-08-31,Marketable,Bonds,912810TQ1,3.875,3.92,2023-05-01,2043-02-15,08/15,02/15,13161.3664,0,0,null
2024-08-31,Marketable,Bonds,912810RB6,2.875,2.98,2013-05-15,2043-05-15,11/15,05/15,16000.0296,0,0,41999.3186
2024-08-31,Marketable,Bonds,912810RB6,2.875,3.355,2013-06-17,2043-05-15,11/15,05/15,13000.0033,0,0,null
2024-08-31,Marketable,Bonds,912810RB6,2.875,3.66,2013-07-15,2043-05-15,11/15,05/15,12999.2857,0,0,null
2024-08-31,Marketable,Bonds,912810TS7,3.875,3.954,2023-05-31,2043-05-15,11/15,05/15,17805.7796,0,0,41653.4109
2024-08-31,Marketable,Bonds,912810TS7,3.875,4.01,2023-06-30,2043-05-15,11/15,05/15,11998.6551,0,0,null
2024-08-31,Marketable,Bonds,912810TS7,3.875,4.036,2023-07-31,2043-05-15,11/15,05/15,11848.9762,0,0,null
2024-08-31,Marketable,Bonds,912810RC4,3.625,3.652,2013-08-15,2043-08-15,02/15,08/15,15998.8569,0,0,41998.9684
2024-08-31,Marketable,Bonds,912810RC4,3.625,3.82,2013-09-16,2043-08-15,02/15,08/15,13000.0197,0,0,null
2024-08-31,Marketable,Bonds,912810RC4,3.625,3.758,2013-10-15,2043-08-15,02/15,08/15,13000.0918,0,0,null
2024-08-31,Marketable,Bonds,912810TU2,4.375,4.499,2023-08-31,2043-08-15,02/15,08/15,17652.3538,0,0,43651.3725
2024-08-31,Marketable,Bonds,912810TU2,4.375,4.592,2023-10-02,2043-08-15,02/15,08/15,12999.3369,0,0,null
2024-08-31,Marketable,Bonds,912810TU2,4.375,5.245,2023-10-31,2043-08-15,02/15,08/15,12999.6818,0,0,null
2024-08-31,Marketable,Bonds,912810RD2,3.75,3.81,2013-11-15,2043-11-15,05/15,11/15,15995.0431,0,0,41994.7869
2024-08-31,Marketable,Bonds,912810RD2,3.75,3.9,2013-12-16,2043-11-15,05/15,11/15,12999.7067,0,0,null
2024-08-31,Marketable,Bonds,912810RD2,3.75,3.899,2014-01-15,2043-11-15,05/15,11/15,13000.0371,0,0,null
2024-08-31,Marketable,Bonds,912810TW8,4.75,4.78,2023-11-30,2043-11-15,05/15,11/15,16182.2245,0,0,42177.9158
2024-08-31,Marketable,Bonds,912810TW8,4.75,4.213,2024-01-02,2043-11-15,05/15,11/15,12997.1984,0,0,null
2024-08-31,Marketable,Bonds,912810TW8,4.75,4.423,2024-01-31,2043-11-15,05/15,11/15,12998.4929,0,0,null
2024-08-31,Marketable,Bonds,912810RE0,3.625,3.69,2014-02-18,2044-02-15,08/15,02/15,15999.7548,0,0,41994.8793
2024-08-31,Marketable,Bonds,912810RE0,3.625,3.63,2014-03-17,2044-02-15,08/15,02/15,13000.1118,0,0,null
2024-08-31,Marketable,Bonds,912810RE0,3.625,3.525,2014-04-15,2044-02-15,08/15,02/15,13000.0127,0,-5,null
2024-08-31,Marketable,Bonds,912810TZ1,4.5,4.595,2024-02-29,2044-02-15,08/15,02/15,16673.428,0,0,42722.0479
2024-08-31,Marketable,Bonds,912810TZ1,4.5,4.542,2024-04-01,2044-02-15,08/15,02/15,12987.5261,0,0,null
2024-08-31,Marketable,Bonds,912810TZ1,4.5,4.818,2024-04-30,2044-02-15,08/15,02/15,13061.0938,0,0,null
2024-08-31,Marketable,Bonds,912810RG5,3.375,3.44,2014-05-15,2044-05-15,11/15,05/15,15995.1467,0,0,41988.1145
2024-08-31,Marketable,Bonds,912810RG5,3.375,3.444,2014-06-16,2044-05-15,11/15,05/15,12999.9971,0,0,null
2024-08-31,Marketable,Bonds,912810RG5,3.375,3.369,2014-07-15,2044-05-15,11/15,05/15,12996.9707,0,-4,null
2024-08-31,Marketable,Bonds,912810UB2,4.625,4.635,2024-05-31,2044-05-15,11/15,05/15,16947.1942,0,0,44114.703
2024-08-31,Marketable,Bonds,912810UB2,4.625,4.452,2024-07-01,2044-05-15,11/15,05/15,13451.7413,0,0,null
2024-08-31,Marketable,Bonds,912810UB2,4.625,4.466,2024-07-31,2044-05-15,11/15,05/15,13715.7675,0,0,null
2024-08-31,Marketable,Bonds,912810RH3,3.125,3.224,2014-08-15,2044-08-15,02/15,08/15,15999.9999,0,0,42000.0298
2024-08-31,Marketable,Bonds,912810RH3,3.125,3.24,2014-09-15,2044-08-15,02/15,08/15,13000.0509,0,0,null
2024-08-31,Marketable,Bonds,912810RH3,3.125,3.074,2014-10-15,2044-08-15,02/15,08/15,12999.979,0,0,null
2024-08-31,Marketable,Bonds,912810RJ9,3,3.092,2014-11-17,2044-11-15,05/15,11/15,16021.3911,0,0,41974.8915
2024-08-31,Marketable,Bonds,912810RJ9,3,2.848,2014-12-15,2044-11-15,05/15,11/15,13000.0093,0,0,null
2024-08-31,Marketable,Bonds,912810RJ9,3,2.43,2015-01-15,2044-11-15,05/15,11/15,12999.4911,0,-46,null
2024-08-31,Marketable,Bonds,912810RK6,2.5,2.56,2015-02-17,2045-02-15,08/15,02/15,16000.5989,0,0,42000.609
2024-08-31,Marketable,Bonds,912810RK6,2.5,2.681,2015-03-16,2045-02-15,08/15,02/15,13000.0013,0,0,null
2024-08-31,Marketable,Bonds,912810RK6,2.5,2.597,2015-04-15,2045-02-15,08/15,02/15,13000.0088,0,0,null
2024-08-31,Marketable,Bonds,912810RM2,3,3.044,2015-05-15,2045-05-15,11/15,05/15,16361.9009,0,0,41811.7146
2024-08-31,Marketable,Bonds,912810RM2,3,3.138,2015-06-15,2045-05-15,11/15,05/15,12999.8126,0,0,null
2024-08-31,Marketable,Bonds,912810RM2,3,3.084,2015-07-15,2045-05-15,11/15,05/15,13000.0011,0,-550,null
2024-08-31,Marketable,Bonds,912810RN0,2.875,2.88,2015-08-17,2045-08-15,02/15,08/15,16321.6472,0,0,41722.9862
2024-08-31,Marketable,Bonds,912810RN0,2.875,2.98,2015-09-15,2045-08-15,02/15,08/15,12999.3338,0,0,null
2024-08-31,Marketable,Bonds,912810RN0,2.875,2.914,2015-10-15,2045-08-15,02/15,08/15,13000.0052,0,-598,null
2024-08-31,Marketable,Bonds,912810RP5,3,3.07,2015-11-16,2045-11-15,05/15,11/15,16081.6808,0,0,42076.6697
2024-08-31,Marketable,Bonds,912810RP5,3,2.978,2015-12-15,2045-11-15,05/15,11/15,13000.0033,0,0,null
2024-08-31,Marketable,Bonds,912810RP5,3,2.905,2016-01-15,2045-11-15,05/15,11/15,12994.9856,0,0,null
2024-08-31,Marketable,Bonds,912810RQ3,2.5,2.5,2016-02-16,2046-02-15,08/15,02/15,16172.8217,0,0,40241.1694
2024-08-31,Marketable,Bonds,912810RQ3,2.5,2.72,2016-03-15,2046-02-15,08/15,02/15,11999.9,0,0,null
2024-08-31,Marketable,Bonds,912810RQ3,2.5,2.596,2016-04-15,2046-02-15,08/15,02/15,12079.4477,0,-11,null
2024-08-31,Marketable,Bonds,912810RS9,2.5,2.615,2016-05-16,2046-05-15,11/15,05/15,18392.2459,0,0,43062.5347
2024-08-31,Marketable,Bonds,912810RS9,2.5,2.475,2016-06-15,2046-05-15,11/15,05/15,11999.9822,0,0,null
2024-08-31,Marketable,Bonds,912810RS9,2.5,2.172,2016-07-15,2046-05-15,11/15,05/15,12781.3066,0,-111,null
2024-08-31,Marketable,Bonds,912810RT7,2.25,2.274,2016-08-15,2046-08-15,02/15,08/15,16536.3595,0,0,40536.4068
2024-08-31,Marketable,Bonds,912810RT7,2.25,2.475,2016-09-15,2046-08-15,02/15,08/15,12000.0163,0,0,null
2024-08-31,Marketable,Bonds,912810RT7,2.25,2.47,2016-10-17,2046-08-15,02/15,08/15,12000.031,0,0,null
2024-08-31,Marketable,Bonds,912810RU4,2.875,2.902,2016-11-15,2046-11-15,05/15,11/15,18283.8168,0,0,42941.7745
2024-08-31,Marketable,Bonds,912810RU4,2.875,3.152,2016-12-15,2046-11-15,05/15,11/15,12000.0298,0,0,null
2024-08-31,Marketable,Bonds,912810RU4,2.875,2.914,2017-01-17,2046-11-15,05/15,11/15,12664.9279,0,-7,null
2024-08-31,Marketable,Bonds,912810RV2,3,3.005,2017-02-15,2047-02-15,08/15,02/15,16731.8897,0,0,40640.504
2024-08-31,Marketable,Bonds,912810RV2,3,3.17,2017-03-15,2047-02-15,08/15,02/15,11999.9942,0,0,null
2024-08-31,Marketable,Bonds,912810RV2,3,2.938,2017-04-17,2047-02-15,08/15,02/15,12098.6201,0,-190,null
2024-08-31,Marketable,Bonds,912810RX8,3,3.05,2017-05-15,2047-05-15,11/15,05/15,19950.6049,0,0,44135.115
2024-08-31,Marketable,Bonds,912810RX8,3,2.87,2017-06-15,2047-05-15,11/15,05/15,11999.5917,0,0,null
2024-08-31,Marketable,Bonds,912810RX8,3,2.936,2017-07-17,2047-05-15,11/15,05/15,12273.9184,0,-89,null
2024-08-31,Marketable,Bonds,912810RY6,2.75,2.818,2017-08-15,2047-08-15,02/15,08/15,19513.2736,0,0,43512.3307
2024-08-31,Marketable,Bonds,912810RY6,2.75,2.79,2017-09-15,2047-08-15,02/15,08/15,11999.8802,0,0,null
2024-08-31,Marketable,Bonds,912810RY6,2.75,2.87,2017-10-16,2047-08-15,02/15,08/15,11999.1769,0,0,null
2024-08-31,Marketable,Bonds,912810RZ3,2.75,2.801,2017-11-15,2047-11-15,05/15,11/15,16823.7432,0,0,41228.7507
2024-08-31,Marketable,Bonds,912810RZ3,2.75,2.804,2017-12-15,2047-11-15,05/15,11/15,11999.0648,0,0,null
2024-08-31,Marketable,Bonds,912810RZ3,2.75,2.867,2018-01-16,2047-11-15,05/15,11/15,12405.9427,0,0,null
2024-08-31,Marketable,Bonds,912810SA7,3,3.121,2018-02-15,2048-02-15,08/15,02/15,19022.2402,0,0,45017.5056
2024-08-31,Marketable,Bonds,912810SA7,3,3.109,2018-03-15,2048-02-15,08/15,02/15,12999.9921,0,0,null
2024-08-31,Marketable,Bonds,912810SA7,3,3.044,2018-04-16,2048-02-15,08/15,02/15,13022.2733,0,-27,null
2024-08-31,Marketable,Bonds,912810SC3,3.125,3.13,2018-05-15,2048-05-15,11/15,05/15,21098.1838,0,0,48767.624
2024-08-31,Marketable,Bonds,912810SC3,3.125,3.1,2018-06-15,2048-05-15,11/15,05/15,14000.0293,0,0,null
2024-08-31,Marketable,Bonds,912810SC3,3.125,2.958,2018-07-16,2048-05-15,11/15,05/15,14053.4109,0,-384,null
2024-08-31,Marketable,Bonds,912810SD1,3,3.09,2018-08-15,2048-08-15,02/15,08/15,20414.8055,0,0,50339.7811
2024-08-31,Marketable,Bonds,912810SD1,3,3.088,2018-09-17,2048-08-15,02/15,08/15,15000.0231,0,0,null
2024-08-31,Marketable,Bonds,912810SD1,3,3.344,2018-10-15,2048-08-15,02/15,08/15,14999.9525,0,-75,null
2024-08-31,Marketable,Bonds,912810SE9,3.375,3.418,2018-11-15,2048-11-15,05/15,11/15,22873.5907,0,0,54514.2813
2024-08-31,Marketable,Bonds,912810SE9,3.375,3.165,2018-12-17,2048-11-15,05/15,11/15,15999.9919,0,0,null
2024-08-31,Marketable,Bonds,912810SE9,3.375,3.035,2019-01-15,2048-11-15,05/15,11/15,15994.6987,0,-354,null
2024-08-31,Marketable,Bonds,912810SF6,3,3.022,2019-02-15,2049-02-15,08/15,02/15,23574.6037,0,0,55562.5118
2024-08-31,Marketable,Bonds,912810SF6,3,3.014,2019-03-15,2049-02-15,08/15,02/15,15999.8837,0,0,null
2024-08-31,Marketable,Bonds,912810SF6,3,2.93,2019-04-15,2049-02-15,08/15,02/15,16002.0244,0,-14,null
2024-08-31,Marketable,Bonds,912810SH2,2.875,2.892,2019-05-15,2049-05-15,11/15,05/15,25472.4889,0,0,57307.3687
2024-08-31,Marketable,Bonds,912810SH2,2.875,2.607,2019-06-17,2049-05-15,11/15,05/15,15999.6485,0,0,null
2024-08-31,Marketable,Bonds,912810SH2,2.875,2.644,2019-07-15,2049-05-15,11/15,05/15,16136.2313,0,-301,null
2024-08-31,Marketable,Bonds,912810SJ8,2.25,2.335,2019-08-15,2049-08-15,02/15,08/15,31398.5093,0,0,63396.3568
2024-08-31,Marketable,Bonds,912810SJ8,2.25,2.27,2019-09-16,2049-08-15,02/15,08/15,15997.8287,0,0,null
2024-08-31,Marketable,Bonds,912810SJ8,2.25,2.17,2019-10-15,2049-08-15,02/15,08/15,16000.0188,0,0,null
2024-08-31,Marketable,Bonds,912810SK5,2.375,2.43,2019-11-15,2049-11-15,05/15,11/15,27993.8267,0,0,60477.7488
2024-08-31,Marketable,Bonds,912810SK5,2.375,2.307,2019-12-16,2049-11-15,05/15,11/15,15998.9551,0,0,null
2024-08-31,Marketable,Bonds,912810SK5,2.375,2.341,2020-01-15,2049-11-15,05/15,11/15,16511.967,0,-27,null
2024-08-31,Marketable,Bonds,912810SL3,2,2.061,2020-02-18,2050-02-15,08/15,02/15,27449.7799,0,0,60422.8597
2024-08-31,Marketable,Bonds,912810SL3,2,1.32,2020-03-16,2050-02-15,08/15,02/15,16015.1411,0,0,null
2024-08-31,Marketable,Bonds,912810SL3,2,1.325,2020-04-15,2050-02-15,08/15,02/15,17055.9387,0,-98,null
2024-08-31,Marketable,Bonds,912810SN9,1.25,1.342,2020-05-15,2050-05-15,11/15,05/15,33634.7555,0,0,73566.7975
2024-08-31,Marketable,Bonds,912810SN9,1.25,1.45,2020-06-15,2050-05-15,11/15,05/15,19270.143,0,0,null
2024-08-31,Marketable,Bonds,912810SN9,1.25,1.33,2020-07-15,2050-05-15,11/15,05/15,20666.899,0,-5,null
2024-08-31,Marketable,Bonds,912810SP4,1.375,1.406,2020-08-17,2050-08-15,02/15,08/15,41463.5671,0,0,89044.5089
2024-08-31,Marketable,Bonds,912810SP4,1.375,1.473,2020-09-15,2050-08-15,02/15,08/15,23945.5682,0,0,null
2024-08-31,Marketable,Bonds,912810SP4,1.375,1.578,2020-10-15,2050-08-15,02/15,08/15,23643.3736,0,-8,null
2024-08-31,Marketable,Bonds,912810SS8,1.625,1.68,2020-11-16,2050-11-15,05/15,11/15,34403.3897,0,0,85833.2569
2024-08-31,Marketable,Bonds,912810SS8,1.625,1.665,2020-12-15,2050-11-15,05/15,11/15,25022.2459,0,0,null
2024-08-31,Marketable,Bonds,912810SS8,1.625,1.825,2021-01-15,2050-11-15,05/15,11/15,26412.6213,0,-5,null
2024-08-31,Marketable,Bonds,912810SU3,1.875,1.933,2021-02-16,2051-02-15,08/15,02/15,36794.6651,0,0,89948.4911
2024-08-31,Marketable,Bonds,912810SU3,1.875,2.295,2021-03-15,2051-02-15,08/15,02/15,25487.4006,0,0,null
2024-08-31,Marketable,Bonds,912810SU3,1.875,2.32,2021-04-15,2051-02-15,08/15,02/15,27684.4254,0,-18,null
2024-08-31,Marketable,Bonds,912810SX7,2.375,2.395,2021-05-17,2051-05-15,11/15,05/15,41323.6408,0,0,95391.5868
2024-08-31,Marketable,Bonds,912810SX7,2.375,2.172,2021-06-15,2051-05-15,11/15,05/15,26206.0006,0,0,null
2024-08-31,Marketable,Bonds,912810SX7,2.375,2,2021-07-15,2051-05-15,11/15,05/15,27950.9454,0,-89,null
2024-08-31,Marketable,Bonds,912810SZ2,2,2.04,2021-08-16,2051-08-15,02/15,08/15,39045.8235,0,0,91226.6626
2024-08-31,Marketable,Bonds,912810SZ2,2,1.91,2021-09-15,2051-08-15,02/15,08/15,26555.4562,0,0,null
2024-08-31,Marketable,Bonds,912810SZ2,2,2.049,2021-10-15,2051-08-15,02/15,08/15,25805.3829,0,-180,null
2024-08-31,Marketable,Bonds,912810TB4,1.875,1.94,2021-11-15,2051-11-15,05/15,11/15,39461.4257,0,0,90235.3073
2024-08-31,Marketable,Bonds,912810TB4,1.875,1.895,2021-12-15,2051-11-15,05/15,11/15,25244.0001,0,0,null
2024-08-31,Marketable,Bonds,912810TB4,1.875,2.075,2022-01-18,2051-11-15,05/15,11/15,25529.8815,0,0,null
2024-08-31,Marketable,Bonds,912810TD0,2.25,2.34,2022-02-15,2052-02-15,08/15,02/15,36914.1181,0,0,85045.3815
2024-08-31,Marketable,Bonds,912810TD0,2.25,2.375,2022-03-15,2052-02-15,08/15,02/15,23360.3952,0,0,null
2024-08-31,Marketable,Bonds,912810TD0,2.25,2.815,2022-04-18,2052-02-15,08/15,02/15,24770.8682,0,0,null
2024-08-31,Marketable,Bonds,912810TG3,2.875,2.997,2022-05-16,2052-05-15,11/15,05/15,37386.3303,0,0,78517.1696
2024-08-31,Marketable,Bonds,912810TG3,2.875,3.185,2022-06-15,2052-05-15,11/15,05/15,20117.1762,0,0,null
2024-08-31,Marketable,Bonds,912810TG3,2.875,3.115,2022-07-15,2052-05-15,11/15,05/15,21421.6631,0,-408,null
2024-08-31,Marketable,Bonds,912810TJ7,3,3.106,2022-08-15,2052-08-15,02/15,08/15,34277.0536,0,0,70139.9172
2024-08-31,Marketable,Bonds,912810TJ7,3,3.511,2022-09-15,2052-08-15,02/15,08/15,17999.8732,0,0,null
2024-08-31,Marketable,Bonds,912810TJ7,3,3.93,2022-10-17,2052-08-15,02/15,08/15,17999.9904,0,-137,null
2024-08-31,Marketable,Bonds,912810TL2,4,4.08,2022-11-15,2052-11-15,05/15,11/15,28353.3102,0,0,64339.912
2024-08-31,Marketable,Bonds,912810TL2,4,3.513,2022-12-15,2052-11-15,05/15,11/15,17986.576,0,0,null
2024-08-31,Marketable,Bonds,912810TL2,4,3.585,2023-01-17,2052-11-15,05/15,11/15,18000.0258,0,0,null
2024-08-31,Marketable,Bonds,912810TN8,3.625,3.686,2023-02-15,2053-02-15,08/15,02/15,29206.5431,0,0,65984.0277
2024-08-31,Marketable,Bonds,912810TN8,3.625,3.877,2023-03-15,2053-02-15,08/15,02/15,17999.8265,0,0,null
2024-08-31,Marketable,Bonds,912810TN8,3.625,3.661,2023-04-17,2053-02-15,08/15,02/15,19140.6581,0,-363,null
2024-08-31,Marketable,Bonds,912810TR9,3.625,3.741,2023-05-15,2053-05-15,11/15,05/15,26711.2213,0,0,62593.0729
2024-08-31,Marketable,Bonds,912810TR9,3.625,3.908,2023-06-15,2053-05-15,11/15,05/15,17999.881,0,0,null
2024-08-31,Marketable,Bonds,912810TR9,3.625,3.91,2023-07-17,2053-05-15,11/15,05/15,17999.9706,0,-118,null
2024-08-31,Marketable,Bonds,912810TT5,4.125,4.189,2023-08-15,2053-08-15,02/15,08/15,31583.9265,0,0,71574.3014
2024-08-31,Marketable,Bonds,912810TT5,4.125,4.345,2023-09-15,2053-08-15,02/15,08/15,19999.1874,0,0,null
2024-08-31,Marketable,Bonds,912810TT5,4.125,4.837,2023-10-16,2053-08-15,02/15,08/15,20000.1875,0,-9,null
2024-08-31,Marketable,Bonds,912810TV0,4.75,4.769,2023-11-15,2053-11-15,05/15,11/15,24456.638,0,0,66443.6448
2024-08-31,Marketable,Bonds,912810TV0,4.75,4.344,2023-12-15,2053-11-15,05/15,11/15,20988.8122,0,0,null
2024-08-31,Marketable,Bonds,912810TV0,4.75,4.229,2024-01-16,2053-11-15,05/15,11/15,20998.1946,0,0,null
2024-08-31,Marketable,Bonds,912810TX6,4.25,4.36,2024-02-15,2054-02-15,08/15,02/15,26846.2775,0,0,71198.7913
2024-08-31,Marketable,Bonds,912810TX6,4.25,4.331,2024-03-15,2054-02-15,08/15,02/15,21989.8059,0,0,null
2024-08-31,Marketable,Bonds,912810TX6,4.25,4.671,2024-04-15,2054-02-15,08/15,02/15,22362.7079,0,0,null
2024-08-31,Marketable,Bonds,912810UA4,4.625,4.635,2024-05-15,2054-05-15,11/15,05/15,28141.8875,0,0,76420.8035
2024-08-31,Marketable,Bonds,912810UA4,4.625,4.403,2024-06-17,2054-05-15,11/15,05/15,22708.1721,0,0,null
2024-08-31,Marketable,Bonds,912810UA4,4.625,4.405,2024-07-15,2054-05-15,11/15,05/15,25570.7439,0,0,null
2024-08-31,Marketable,Bonds,912810UC0,4.25,4.314,2024-08-15,2054-08-15,02/15,08/15,29755.0689,0,0,29755.0689
